ref_no,epfl_title_hkust,epfl_code_raw,epfl_code,valid_till,valid_in_spring_2027,hkust_title,hkust_code,hkust_credits,raw_summary
B047096-01,"History of Architecture I,II",AR-123,AR-123,2028-29 Winter,True,2000-level Course in Humanities,HUMA2000HMCC,3.0,"History of Architecture I,II | AR-123 | Ref No.: B047096-01 | Valid till | 2028-29 Winter | 2000-level Course in Humanities | HUMA2000HMCC | 3 Credits"
B048493-01,History of Architecture III/IV,AR-225,AR-225,2028-29 Summer,True,2000-level Course in Humanities,HUMA2000HMCC,3.0,History of Architecture III/IV | AR-225 | Ref No.: B048493-01 | Valid till | 2028-29 Summer | 2000-level Course in Humanities | HUMA2000HMCC | 3 Credits
B047094-01,History of Architecture V/VI,AR-226,AR-226,2028-29 Winter,True,2000-level Course in Humanities,HUMA2000HMCC,3.0,History of Architecture V/VI | AR-226 | Ref No.: B047094-01 | Valid till | 2028-29 Winter | 2000-level Course in Humanities | HUMA2000HMCC | 3 Credits
B046679-05,History of Park and Garden Design,AR-361,AR-361,2028-29 Winter,True,2000-level Course in Humanities,HUMA2000ARTC,3.0,History of Park and Garden Design | AR-361 | Ref No.: B046679-05 | Valid till | 2028-29 Winter | 2000-level Course in Humanities | HUMA2000ARTC | 3 Credits
B045815-02,Cellular and Molecular Biology II,BIO-207,BIO-207,2028-29 Winter,True,Molecular and Cellular Biology II,LIFS3020,3.0,Cellular and Molecular Biology II | BIO-207 | Ref No.: B045815-02 | Valid till | 2028-29 Winter | Molecular and Cellular Biology II | LIFS3020 | 3 Credits
B003145-02,Biological Chemistry II,BIO213,BIO-213,2028-29 Winter,True,Chemical Biology for Engineers,BIEN2610,3.0,Biological Chemistry II | BIO213 | Ref No.: B003145-02 | Valid till | 2028-29 Winter | Chemical Biology for Engineers | BIEN2610 | 3 Credits
B044104-01,Physics of the Cell,BIO-244,BIO-244,2027-28 Winter,True,Introductory Biological Physics,PHYS2010,3.0,Physics of the Cell | BIO-244 | Ref No.: B044104-01 | Valid till | 2027-28 Winter | Introductory Biological Physics | PHYS2010 | 3 Credits
B044438-01,Neuroscience,BIO-311,BIO-311,2027-28 Summer,True,Introduction to Neurobiology,LIFS3240,3.0,Neuroscience | BIO-311 | Ref No.: B044438-01 | Valid till | 2027-28 Summer | Introduction to Neurobiology | LIFS3240 | 3 Credits
B047060-03,Randomness and Information in Biological Data,BIO-369,BIO-369,2025-26 Summer,False,Common Core Course in Science and Technology,STCCUCORE,3.0,Randomness and Information in Biological Data | BIO-369 | Ref No.: B047060-03 | Valid till | 2025-26 Summer | Common Core Course in Science and Technology | STCCUCORE | 3 Credits
B047060-02,Randomness and Information in Biological Data,BIO-369,BIO-369,2028-29 Winter,True,Common Core Broadening Group in Science,CORESCI,3.0,Randomness and Information in Biological Data | BIO-369 | Ref No.: B047060-02 | Valid till | 2028-29 Winter | Common Core Broadening Group in Science | CORESCI | 3 Credits
B047060-01,Randomness and Information in Biological Data,BIO-369,BIO-369,2028-29 Winter,True,Bioinformatics,LIFS3580,3.0,Randomness and Information in Biological Data | BIO-369 | Ref No.: B047060-01 | Valid till | 2028-29 Winter | Bioinformatics | LIFS3580 | 3 Credits
B045827-01,Microbiology,BIO-372,BIO-372,2028-29 Winter,True,Microbiology,LIFS3060,3.0,Microbiology | BIO-372 | Ref No.: B045827-01 | Valid till | 2028-29 Winter | Microbiology | LIFS3060 | 3 Credits
B039322-01,Nutrition: from Molecules to Health,BIO441,BIO-441,2025-26 Winter,False,Biochemistry of Nutrition,LIFS4550,3.0,Nutrition: from Molecules to Health | BIO441 | Ref No.: B039322-01 | Valid till | 2025-26 Winter | Biochemistry of Nutrition | LIFS4550 | 3 Credits
B045829-01,Genomics and Bioinformatics,BIO-463,BIO-463,2028-29 Winter,True,General Genetics,LIFS3140,4.0,Genomics and Bioinformatics | BIO-463 | Ref No.: B045829-01 | Valid till | 2028-29 Winter | General Genetics | LIFS3140 | 4 Credits
B045836-01,Cancer Biology I,BIO-471,BIO-471,2027-28 Summer,True,Cancer Biology,LIFS4140,3.0,Cancer Biology I | BIO-471 | Ref No.: B045836-01 | Valid till | 2027-28 Summer | Cancer Biology | LIFS4140 | 3 Credits
B045831-01,Cancer Biology II,BIO-472,BIO-472,2028-29 Winter,True,Cancer Biology,LIFS4140,3.0,Cancer Biology II | BIO-472 | Ref No.: B045831-01 | Valid till | 2028-29 Winter | Cancer Biology | LIFS4140 | 3 Credits
B045814-01,Pharmacology and pharmacokinetics,BIO-478,BIO-478,2028-29 Winter,True,Pharmaceutical Engineering,CENG4670,3.0,Pharmacology and pharmacokinetics | BIO-478 | Ref No.: B045814-01 | Valid till | 2028-29 Winter | Pharmaceutical Engineering | CENG4670 | 3 Credits
B044444-01,Neuroscience: From Molecular Mechanisms to Disease,BIO-480,BIO-480,2027-28 Summer,True,Neurochemistry,LIFS4950,3.0,Neuroscience: From Molecular Mechanisms to Disease | BIO-480 | Ref No.: B044444-01 | Valid till | 2027-28 Summer | Neurochemistry | LIFS4950 | 3 Credits
B045830-01,Neuroscience: Behavior and Cognition,BIO-483,BIO-483,2028-29 Winter,True,Introduction to Neurobiology,LIFS3240,3.0,Neuroscience: Behavior and Cognition | BIO-483 | Ref No.: B045830-01 | Valid till | 2028-29 Winter | Introduction to Neurobiology | LIFS3240 | 3 Credits
B047905-03,New Tools & Research Strategies in Personalized Health,BIO-491,BIO-491,2025-26 Summer,False,Common Core Course in Science and Technology,STCCUCORE,3.0,New Tools & Research Strategies in Personalized Health | BIO-491 | Ref No.: B047905-03 | Valid till | 2025-26 Summer | Common Core Course in Science and Technology | STCCUCORE | 3 Credits
B047905-02,New Tools & Research Strategies in Personalized Health,BIO-491,BIO-491,2028-29 Winter,True,Common Core Broadening Group in Science,CORESCI,3.0,New Tools & Research Strategies in Personalized Health | BIO-491 | Ref No.: B047905-02 | Valid till | 2028-29 Winter | Common Core Broadening Group in Science | CORESCI | 3 Credits
B047905-04,New Tools & Research Strategies in Personalized Health,BIO-491,BIO-491,2028-29 Winter,True,Common Core Broadening Group in Technology,CORETECH,3.0,New Tools & Research Strategies in Personalized Health | BIO-491 | Ref No.: B047905-04 | Valid till | 2028-29 Winter | Common Core Broadening Group in Technology | CORETECH | 3 Credits
B047905-01,New Tools & Research Strategies in Personalized Health,BIO-491,BIO-491,2028-29 Winter,True,Seminar Enrichment Course,LIFS6410,1.0,New Tools & Research Strategies in Personalized Health | BIO-491 | Ref No.: B047905-01 | Valid till | 2028-29 Winter | Seminar Enrichment Course | LIFS6410 | 1 Credit
B045823-01,Biological Data Science I: Statistical Learning,BIOENG-210,BIOENG-210,2028-29 Winter,True,Data Science for Biology and Medicine,BIEN3320,3.0,Biological Data Science I: Statistical Learning | BIOENG-210 | Ref No.: B045823-01 | Valid till | 2028-29 Winter | Data Science for Biology and Medicine | BIEN3320 | 3 Credits
B045823-02,Biological Data Science I: Statistical Learning,BIOENG-210,BIOENG-210,2028-29 Winter,True,Data Science for Biology and Medicine,LIFS4320,3.0,Biological Data Science I: Statistical Learning | BIOENG-210 | Ref No.: B045823-02 | Valid till | 2028-29 Winter | Data Science for Biology and Medicine | LIFS4320 | 3 Credits
B033516-03,Materials Science for bioengineers,BIOENG315,BIOENG-315,2027-28 Summer,True,3000-level Course in Life Science,LIFS3000LEVEL,3.0,Materials Science for bioengineers | BIOENG315 | Ref No.: B033516-03 | Valid till | 2027-28 Summer | 3000-level Course in Life Science | LIFS3000LEVEL | 3 Credits
B047995-02,Immunoengineering,BIOENG399,BIOENG-399,2025-26 Summer,False,3000-level Course in Life Science,LIFS3000STCC,3.0,Immunoengineering | BIOENG399 | Ref No.: B047995-02 | Valid till | 2025-26 Summer | 3000-level Course in Life Science | LIFS3000STCC | 3 Credits
B047995-03,Immunoengineering,BIOENG399,BIOENG-399,2028-29 Winter,True,3000-level Course in Life Science,LIFS3000SCCORE,3.0,Immunoengineering | BIOENG399 | Ref No.: B047995-03 | Valid till | 2028-29 Winter | 3000-level Course in Life Science | LIFS3000SCCORE | 3 Credits
B038021-01,Statistical Thermodynamics,CH-242(B),CH-242(B),2025-26 Winter,False,Thermodynamics and Statistical Physics,PHYS4050,3.0,Statistical Thermodynamics | CH-242(B) | Ref No.: B038021-01 | Valid till | 2025-26 Winter | Thermodynamics and Statistical Physics | PHYS4050 | 3 Credits
B033564-03,Experimental Biochemistry and Biophysics,CH319,CH-319,2027-28 Winter,True,Bioanalytical Techniques,CHEM4340,3.0,Experimental Biochemistry and Biophysics | CH319 | Ref No.: B033564-03 | Valid till | 2027-28 Winter | Bioanalytical Techniques | CHEM4340 | 3 Credits
B042253-02,Physical Chemistry of Interfaces,CH-341,CH-341,2026-27 Winter,False,4000-level Course in Chemistry,CHEM4000LEVEL,3.0,Physical Chemistry of Interfaces | CH-341 | Ref No.: B042253-02 | Valid till | 2026-27 Winter | 4000-level Course in Chemistry | CHEM4000LEVEL | 3 Credits
B042083-01,Physical and Chemical Analyses of Materials,CH-410,CH-410,2026-27 Winter,False,Materials Characterization Method,CHEM4230,3.0,Physical and Chemical Analyses of Materials | CH-410 | Ref No.: B042083-01 | Valid till | 2026-27 Winter | Materials Characterization Method | CHEM4230 | 3 Credits
B044442-02,Cellular Signalling,CH-411,CH-411,2027-28 Summer,True,3000-level Course in Life Science,LIFS3000LEVEL,1.0,Cellular Signalling | CH-411 | Ref No.: B044442-02 | Valid till | 2027-28 Summer | 3000-level Course in Life Science | LIFS3000LEVEL | 1 Credit
B047126-02,Total Synthesis of Natural Products,CH-438,CH-438,2025-26 Summer,False,4000-level Course in Chemistry,CHEM4000STCC,2.0,Total Synthesis of Natural Products | CH-438 | Ref No.: B047126-02 | Valid till | 2025-26 Summer | 4000-level Course in Chemistry | CHEM4000STCC | 2 Credits
B047126-03,Total Synthesis of Natural Products,CH-438,CH-438,2027-28 Summer,True,4000-level Course in Chemistry,CHEM4000SCCORE,2.0,Total Synthesis of Natural Products | CH-438 | Ref No.: B047126-03 | Valid till | 2027-28 Summer | 4000-level Course in Chemistry | CHEM4000SCCORE | 2 Credits
B042084-01,Solid State Chemistry and Energy Applications,CH-450,CH-450,2026-27 Winter,False,Solid State Chemistry,CHEM4210,3.0,Solid State Chemistry and Energy Applications | CH-450 | Ref No.: B042084-01 | Valid till | 2026-27 Winter | Solid State Chemistry | CHEM4210 | 3 Credits
B042093-01,Thermodynamics of Energy Conversion and Storage,CHE-414,CHE-414,2026-27 Winter,False,"Energy Resources, Conversions and Technologies",CENG4140,3.0,"Thermodynamics of Energy Conversion and Storage | CHE-414 | Ref No.: B042093-01 | Valid till | 2026-27 Winter | MIN. GRADE/SCORE | B- | Energy Resources, Conversions and Technologies | CENG4140 | 3 Credits"
B007099-03,Computer Networks,COM208,COM-208,2025-26 Summer,False,Computer and Communication Networks,COMP4621,3.0,Computer Networks | COM208 | Ref No.: B007099-03 | Valid till | 2025-26 Summer | Computer and Communication Networks | COMP4621 | 3 Credits
B037016-01,Principles of digital communications,COM-302,COM-302,2025-26 Winter,False,Principles of Digital Communications,ELEC5360,3.0,Principles of digital communications | COM-302 | Ref No.: B037016-01 | Valid till | 2025-26 Winter | Principles of Digital Communications | ELEC5360 | 3 Credits
B008254-02,Signal processing for communications,COM303,COM-303,2025-26 Winter,False,Signal Processing and Communications,ELEC3100,4.0,Signal processing for communications | COM303 | Ref No.: B008254-02 | Valid till | 2025-26 Winter | Signal Processing and Communications | ELEC3100 | 4 Credits
B044797-03,Information Theory and Coding,COM-404,COM-404,2025-26 Summer,False,Common Core Course in Science and Technology,STCCUCORE,4.0,Information Theory and Coding | COM-404 | Ref No.: B044797-03 | Valid till | 2025-26 Summer | Common Core Course in Science and Technology | STCCUCORE | 4 Credits
B044797-02,Information Theory and Coding,COM-404,COM-404,2027-28 Summer,True,Common Core Broadening Group in Technology,CORETECH,4.0,Information Theory and Coding | COM-404 | Ref No.: B044797-02 | Valid till | 2027-28 Summer | Common Core Broadening Group in Technology | CORETECH | 4 Credits
B042287-01,Mobile Networks,COM405,COM-405,2026-27 Winter,False,Computer Science Track Course,COMPS&N,3.0,Mobile Networks | COM405 | Ref No.: B042287-01 | Valid till | 2026-27 Winter | Computer Science Track Course | COMPS&N | 3 Credits
B044744-02,TCP/IP networking,COM407,COM-407,2027-28 Summer,True,Computer Science Track Course,COMPS&N,3.0,TCP/IP networking | COM407 | Ref No.: B044744-02 | Valid till | 2027-28 Summer | Computer Science Track Course | COMPS&N | 3 Credits
B050011-03,Advanced Probability and Applications,COM-417,COM-417,2025-26 Summer,False,Common Core Course in Science and Technology,STCCUCORE,4.0,Advanced Probability and Applications | COM-417 | Ref No.: B050011-03 | Valid till | 2025-26 Summer | Common Core Course in Science and Technology | STCCUCORE | 4 Credits
B038309-02,Advanced Probability and Applications,COM-417,COM-417,2025-26 Winter,False,Honors Probability and Random Processes in Engineering,ELEC2600H,4.0,Advanced Probability and Applications | COM-417 | Ref No.: B038309-02 | Valid till | 2025-26 Winter | Honors Probability and Random Processes in Engineering | ELEC2600H | 4 Credits
B038309-01,Advanced Probability and Applications,COM-417,COM-417,2025-26 Winter,False,Advanced Probability Theory I,MATH5411,3.0,Advanced Probability and Applications | COM-417 | Ref No.: B038309-01 | Valid till | 2025-26 Winter | Advanced Probability Theory I | MATH5411 | 3 Credits
B050011-02,Advanced Probability and Applications,COM-417,COM-417,2028-29 Summer,True,Common Core Broadening Group in Science,CORESCI,4.0,Advanced Probability and Applications | COM-417 | Ref No.: B050011-02 | Valid till | 2028-29 Summer | Common Core Broadening Group in Science | CORESCI | 4 Credits
B048287-03,Data Visualization,COM480,COM-480,2025-26 Summer,False,Common Core Course in Science and Technology,STCCUCORE,3.0,Data Visualization | COM480 | Ref No.: B048287-03 | Valid till | 2025-26 Summer | Common Core Course in Science and Technology | STCCUCORE | 3 Credits
B032566-03,Data Visualizaton,COM480,COM-480,2026-27 Winter,False,Data Visualization,COMP4462,3.0,Data Visualizaton | COM480 | Ref No.: B032566-03 | Valid till | 2026-27 Winter | Data Visualization | COMP4462 | 3 Credits
B048287-02,Data Visualization,COM480,COM-480,2028-29 Winter,True,Common Core Broadening Group in Technology,CORETECH,3.0,Data Visualization | COM480 | Ref No.: B048287-02 | Valid till | 2028-29 Winter | Common Core Broadening Group in Technology | CORETECH | 3 Credits
B037245-02,Advanced Cryptography,COM-501,COM-501,2025-26 Winter,False,Computer Science Track Course,COMPS&N,3.0,Advanced Cryptography | COM-501 | Ref No.: B037245-02 | Valid till | 2025-26 Winter | Computer Science Track Course | COMPS&N | 3 Credits
B039116-01,Networks out of Control,COM-512,COM-512,2025-26 Winter,False,4000-level Course in Computer Science and Engineering,COMP4000LEVEL,3.0,Networks out of Control | COM-512 | Ref No.: B039116-01 | Valid till | 2025-26 Winter | 4000-level Course in Computer Science and Engineering | COMP4000LEVEL | 3 Credits
B045604-01,Fundamentals of Digital Systems,CS173,CS-173,2028-29 Winter,True,Common Core Broadening Group in Technology,CORETECH,4.0,Fundamentals of Digital Systems | CS173 | Ref No.: B045604-01 | Valid till | 2028-29 Winter | Common Core Broadening Group in Technology | CORETECH | 4 Credits
B045604-02,Fundamentals of Digital Systems,CS173,CS-173,2028-29 Winter,True,Digital Fundamentals and System Design,ELEC3310,4.0,Fundamentals of Digital Systems | CS173 | Ref No.: B045604-02 | Valid till | 2028-29 Winter | Digital Fundamentals and System Design | ELEC3310 | 4 Credits
B045999-02,Computer Architecture,CS200,CS-200,2027-28 Summer,True,Computer Organization,COMP2611,4.0,Computer Architecture | CS200 | Ref No.: B045999-02 | Valid till | 2027-28 Summer | Computer Organization | COMP2611 | 4 Credits
B045999-01,Computer Architecture,CS200,CS-200,2027-28 Summer,True,Introduction to Computer Organization and Design,ELEC2350,4.0,Computer Architecture | CS200 | Ref No.: B045999-01 | Valid till | 2027-28 Summer | Introduction to Computer Organization and Design | ELEC2350 | 4 Credits
B043421-02,Computer Systems,CS202,CS-202,2027-28 Winter,True,Computer Science Track Course,COMPS&N,3.0,Computer Systems | CS202 | Ref No.: B043421-02 | Valid till | 2027-28 Winter | Computer Science Track Course | COMPS&N | 3 Credits
B011557-02,Parallelism and Concurrency,CS206,CS-206,2025-26 Winter,False,Computer Science Track Course,COMPS&D,3.0,Parallelism and Concurrency | CS206 | Ref No.: B011557-02 | Valid till | 2025-26 Winter | Computer Science Track Course | COMPS&D | 3 Credits
B044796-01,Software Construction,CS-214,CS-214,2027-28 Summer,True,Software Engineering,COMP3111,4.0,Software Construction | CS-214 | Ref No.: B044796-01 | Valid till | 2027-28 Summer | Software Engineering | COMP3111 | 4 Credits
B045488-03,Introduction to Machine Learning,CS233,CS-233,2027-28 Winter,True,Computer Science Track Course,COMPA&T,3.0,Introduction to Machine Learning | CS233 | Ref No.: B045488-03 | Valid till | 2027-28 Winter | Computer Science Track Course | COMPA&T | 3 Credits
B039391-02,Introduction to Machine Learning (BA3),CS233A,CS-233A,2025-26 Summer,False,Machine Learning,COMP4211,3.0,Introduction to Machine Learning (BA3) | CS233A | Ref No.: B039391-02 | Valid till | 2025-26 Summer | Machine Learning | COMP4211 | 3 Credits
B034262-03,Introduction to Machine Learning (BA4),CS233B,CS-233B,2025-26 Summer,False,Machine Learning,COMP4211,3.0,Introduction to Machine Learning (BA4) | CS233B | Ref No.: B034262-03 | Valid till | 2025-26 Summer | Machine Learning | COMP4211 | 3 Credits
B005804-03,Algorithms,CS250,CS-250,2025-26 Summer,False,Design and Analysis of Algorithms,COMP3711,3.0,Algorithms | CS250 | Ref No.: B005804-03 | Valid till | 2025-26 Summer | Design and Analysis of Algorithms | COMP3711 | 3 Credits
B048310-03,Algorithms I,CS250,CS-250,2025-26 Summer,False,Common Core Course in Science and Technology,STCCUCORE,3.0,Algorithms I | CS250 | Ref No.: B048310-03 | Valid till | 2025-26 Summer | Common Core Course in Science and Technology | STCCUCORE | 3 Credits
B048310-01,Algorithms I,CS250,CS-250,2028-29 Winter,True,Design and Analysis of Algorithms,COMP3711,3.0,Algorithms I | CS250 | Ref No.: B048310-01 | Valid till | 2028-29 Winter | Design and Analysis of Algorithms | COMP3711 | 3 Credits
B048310-02,Algorithms I,CS250,CS-250,2028-29 Winter,True,Common Core Broadening Group in Technology,CORETECH,3.0,Algorithms I | CS250 | Ref No.: B048310-02 | Valid till | 2028-29 Winter | Common Core Broadening Group in Technology | CORETECH | 3 Credits
B007726-03,Theory of Computation,CS251,CS-251,2025-26 Winter,False,Theory of Computation,COMP3721,3.0,Theory of Computation | CS251 | Ref No.: B007726-03 | Valid till | 2025-26 Winter | Theory of Computation | COMP3721 | 3 Credits
B046267-02,Theory of Computation,CS251,CS-251,2027-28 Winter,True,Theory of Computation,COMP3721,3.0,Theory of Computation | CS251 | Ref No.: B046267-02 | Valid till | 2027-28 Winter | Theory of Computation | COMP3721 | 3 Credits
B045855-02,Data-intensive Systems,CS-300,CS-300,2028-29 Winter,True,Database Management Systems,COMP3311,3.0,Data-intensive Systems | CS-300 | Ref No.: B045855-02 | Valid till | 2028-29 Winter | Database Management Systems | COMP3311 | 3 Credits
B047090-03,Parallelism and Concurrency in Software,CS-302,CS-302,2025-26 Summer,False,Common Core Course in Science and Technology,STCCUCORE,3.0,Parallelism and Concurrency in Software | CS-302 | Ref No.: B047090-03 | Valid till | 2025-26 Summer | Common Core Course in Science and Technology | STCCUCORE | 3 Credits
B047090-01,Parallelism and Concurrency in Software,CS-302,CS-302,2028-29 Winter,True,Computer Science Track Course,COMPS&D,3.0,Parallelism and Concurrency in Software | CS-302 | Ref No.: B047090-01 | Valid till | 2028-29 Winter | Computer Science Track Course | COMPS&D | 3 Credits
B047090-02,Parallelism and Concurrency in Software,CS-302,CS-302,2028-29 Winter,True,Common Core Broadening Group in Technology,CORETECH,3.0,Parallelism and Concurrency in Software | CS-302 | Ref No.: B047090-02 | Valid till | 2028-29 Winter | Common Core Broadening Group in Technology | CORETECH | 3 Credits
B041486-01,Software Engineering,CS305,CS-305,2026-27 Summer,True,Software Engineering,COMP3111,4.0,Software Engineering | CS305 | Ref No.: B041486-01 | Valid till | 2026-27 Summer | Software Engineering | COMP3111 | 4 Credits
B045432-01,Introduction to Quantum Computation,CS308,CS-308,2028-29 Winter,True,4000-level Course in Computer Science and Engineering,COMP4000LEVEL,3.0,Introduction to Quantum Computation | CS308 | Ref No.: B045432-01 | Valid till | 2028-29 Winter | 4000-level Course in Computer Science and Engineering | COMP4000LEVEL | 3 Credits
B032572-03,Computer Language Processing,CS320,CS-320,2027-28 Winter,True,Computer Science Track Course,COMPS&D,3.0,Computer Language Processing | CS320 | Ref No.: B032572-03 | Valid till | 2027-28 Winter | Computer Science Track Course | COMPS&D | 3 Credits
B007725-02,Introduction to Database Systems,CS322,CS-322,2025-26 Winter,False,Database Management Systems,COMP3311,3.0,Introduction to Database Systems | CS322 | Ref No.: B007725-02 | Valid till | 2025-26 Winter | Database Management Systems | COMP3311 | 3 Credits
B020358-02,Introduction to Operating Systems,CS323,CS-323,2025-26 Summer,False,Operating Systems,COMP3511,3.0,Introduction to Operating Systems | CS323 | Ref No.: B020358-02 | Valid till | 2025-26 Summer | Operating Systems | COMP3511 | 3 Credits
B049600-03,Numerical Methods for Visual Computing and ML,CS-328,CS-328,2025-26 Summer,False,1000-level Course in Computer Science and Engineering,COMP1000STCC,3.0,Numerical Methods for Visual Computing and ML | CS-328 | Ref No.: B049600-03 | Valid till | 2025-26 Summer | 1000-level Course in Computer Science and Engineering | COMP1000STCC | 3 Credits
B049600-01,Numerical Methods for Visual Computing and ML,CS-328,CS-328,2028-29 Summer,True,1000-level Course in Computer Science and Engineering,COMP1000TECORE,3.0,Numerical Methods for Visual Computing and ML | CS-328 | Ref No.: B049600-01 | Valid till | 2028-29 Summer | 1000-level Course in Computer Science and Engineering | COMP1000TECORE | 3 Credits
B007724-02,Introduction to Computer Graphics,CS341,CS-341,2025-26 Winter,False,Computer Graphics,COMP4411,3.0,Introduction to Computer Graphics | CS341 | Ref No.: B007724-02 | Valid till | 2025-26 Winter | Computer Graphics | COMP4411 | 3 Credits
B045486-01,Computer Graphics,CS341,CS-341,2027-28 Winter,True,Computer Graphics,COMP4411,3.0,Computer Graphics | CS341 | Ref No.: B045486-01 | Valid till | 2027-28 Winter | Computer Graphics | COMP4411 | 3 Credits
B014524-02,Applied Data Analysis,CS401,CS-401,2026-27 Summer,True,Computer Science Track Course,COMPA&T,3.0,Applied Data Analysis | CS401 | Ref No.: B014524-02 | Valid till | 2026-27 Summer | Computer Science Track Course | COMPA&T | 3 Credits
B034265-03,Software Security,CS412,CS-412,2027-28 Winter,True,Computer Science Track Course,COMPS&N,3.0,Software Security | CS412 | Ref No.: B034265-03 | Valid till | 2027-28 Winter | Computer Science Track Course | COMPS&N | 3 Credits
B034263-03,Computational Photography,CS413,CS-413,2027-28 Winter,True,Computer Science Track Course,COMPG&M,3.0,Computational Photography | CS413 | Ref No.: B034263-03 | Valid till | 2027-28 Winter | Computer Science Track Course | COMPG&M | 3 Credits
B038210-01,Machine Learning for Behavioral Data,CS-421,CS-421,2025-26 Winter,False,Computer Science Track Course,COMPA&T,3.0,Machine Learning for Behavioral Data | CS-421 | Ref No.: B038210-01 | Valid till | 2025-26 Winter | Computer Science Track Course | COMPA&T | 3 Credits
B042068-01,Intelligent Agents,CS430,CS-430,2026-27 Summer,True,Computer Science Track Course,COMPA&T,3.0,Intelligent Agents | CS430 | Ref No.: B042068-01 | Valid till | 2026-27 Summer | Computer Science Track Course | COMPA&T | 3 Credits
B039394-01,Introduction to Natural Language Processing,CS-431,CS-431,2025-26 Summer,False,Introduction to Natural Language Processing,COMP4221,3.0,Introduction to Natural Language Processing | CS-431 | Ref No.: B039394-01 | Valid till | 2025-26 Summer | Introduction to Natural Language Processing | COMP4221 | 3 Credits
B044544-01,Introduction to Natural Language Processing,CS431,CS-431,2026-27 Summer,True,Introduction to Natural Language Processing,COMP4221,3.0,Introduction to Natural Language Processing | CS431 | Ref No.: B044544-01 | Valid till | 2026-27 Summer | Introduction to Natural Language Processing | COMP4221 | 3 Credits
B041204-01,Machine Learning,CS433,CS-433,2025-26 Summer,False,Machine Learning,COMP4211,3.0,Machine Learning | CS433 | Ref No.: B041204-01 | Valid till | 2025-26 Summer | Machine Learning | COMP4211 | 3 Credits
B041204-03,Machine Learning,CS433,CS-433,2026-27 Summer,True,Statistical Machine Learning,MATH4432,3.0,Machine Learning | CS433 | Ref No.: B041204-03 | Valid till | 2026-27 Summer | Statistical Machine Learning | MATH4432 | 3 Credits
B046266-04,Optimization for Machine Learning,CS439,CS-439,2025-26 Summer,False,Common Core Course in Science and Technology,STCCUCORE,4.0,Optimization for Machine Learning | CS439 | Ref No.: B046266-04 | Valid till | 2025-26 Summer | Common Core Course in Science and Technology | STCCUCORE | 4 Credits
B015543-06,Optimization for Machine Learning,CS439,CS-439,2025-26 Winter,False,Computer Science Track Course,COMPA&T,3.0,Optimization for Machine Learning | CS439 | Ref No.: B015543-06 | Valid till | 2025-26 Winter | Computer Science Track Course | COMPA&T | 3 Credits
B015543-07,Optimization for Machine Learning,CS439,CS-439,2025-26 Winter,False,Statistical Machine Learning,MATH4432,3.0,Optimization for Machine Learning | CS439 | Ref No.: B015543-07 | Valid till | 2025-26 Winter | Statistical Machine Learning | MATH4432 | 3 Credits
B046266-03,Optimization for Machine Learning,CS439,CS-439,2027-28 Summer,True,Common Core Broadening Group in Science,CORESCI,4.0,Optimization for Machine Learning | CS439 | Ref No.: B046266-03 | Valid till | 2027-28 Summer | Common Core Broadening Group in Science | CORESCI | 4 Credits
B046266-02,Optimization for Machine Learning,CS439,CS-439,2027-28 Summer,True,Statistical Machine Learning,MATH4432,3.0,Optimization for Machine Learning | CS439 | Ref No.: B046266-02 | Valid till | 2027-28 Summer | Statistical Machine Learning | MATH4432 | 3 Credits
B046266-01,Optimization for Machine Learning,CS439,CS-439,2027-28 Winter,True,Computer Science Track Course,COMPA&T,3.0,Optimization for Machine Learning | CS439 | Ref No.: B046266-01 | Valid till | 2027-28 Winter | Computer Science Track Course | COMPA&T | 3 Credits
B048151-04,Computer Vision,CS442,CS-442,2025-26 Summer,False,Common Core Course in Science and Technology,STCCUCORE,3.0,Computer Vision | CS442 | Ref No.: B048151-04 | Valid till | 2025-26 Summer | Common Core Course in Science and Technology | STCCUCORE | 3 Credits
B012458-02,Computer Vision,CS442,CS-442,2026-27 Winter,False,Computer Vision,COMP5421,3.0,Computer Vision | CS442 | Ref No.: B012458-02 | Valid till | 2026-27 Winter | Computer Vision | COMP5421 | 3 Credits
B048151-07,Computer Vision,CS442,CS-442,2028-29 Winter,True,Computer Science Track Course,COMPG&M,3.0,Computer Vision | CS442 | Ref No.: B048151-07 | Valid till | 2028-29 Winter | Computer Science Track Course | COMPG&M | 3 Credits
B048151-05,Computer Vision,CS442,CS-442,2028-29 Winter,True,Common Core Broadening Group in Technology,CORETECH,3.0,Computer Vision | CS442 | Ref No.: B048151-05 | Valid till | 2028-29 Winter | Common Core Broadening Group in Technology | CORETECH | 3 Credits
B040871-02,Virtual Reality,CS444,CS-444,2026-27 Winter,False,Computer Science Track Course,COMPG&M,3.0,Virtual Reality | CS444 | Ref No.: B040871-02 | Valid till | 2026-27 Winter | Computer Science Track Course | COMPG&M | 3 Credits
B041146-01,Advanced Algorithms,CS-450,CS-450,2026-27 Winter,False,Introduction to Advanced Algorithmic Techniques,COMP5711,3.0,Advanced Algorithms | CS-450 | Ref No.: B041146-01 | Valid till | 2026-27 Winter | Introduction to Advanced Algorithmic Techniques | COMP5711 | 3 Credits
B043068-02,Foundations of Software,CS-452,CS-452,2026-27 Summer,True,Computer Science Track Course,COMPS&D,3.0,Foundations of Software | CS-452 | Ref No.: B043068-02 | Valid till | 2026-27 Summer | Computer Science Track Course | COMPS&D | 3 Credits
B015523-04,Artificial neural networks,CS456,CS-456,2025-26 Winter,False,Machine Learning,COMP4211,3.0,Artificial neural networks | CS456 | Ref No.: B015523-04 | Valid till | 2025-26 Winter | Machine Learning | COMP4211 | 3 Credits
B045359-01,Advanced Operating Systems,CS-477,CS-477,2027-28 Summer,True,Operating Systems,COMP3511,3.0,Advanced Operating Systems | CS-477 | Ref No.: B045359-01 | Valid till | 2027-28 Summer | Operating Systems | COMP3511 | 3 Credits
B048288-03,Interaction Design,CS486,CS-486,2025-26 Summer,False,Common Core Course in Science and Technology,STCCUCORE,3.0,Interaction Design | CS486 | Ref No.: B048288-03 | Valid till | 2025-26 Summer | Common Core Course in Science and Technology | STCCUCORE | 3 Credits
B039224-01,Interaction Design,CS486,CS-486,2025-26 Winter,False,Human-Computer Interaction,COMP4461,3.0,Interaction Design | CS486 | Ref No.: B039224-01 | Valid till | 2025-26 Winter | Human-Computer Interaction | COMP4461 | 3 Credits
B048288-02,Interaction Design,CS486,CS-486,2028-29 Winter,True,Common Core Broadening Group in Technology,CORETECH,3.0,Interaction Design | CS486 | Ref No.: B048288-02 | Valid till | 2028-29 Winter | Common Core Broadening Group in Technology | CORETECH | 3 Credits
B033266-03,Experience design,CS489,CS-489,2026-27 Summer,True,Computer Science Track Course,COMPG&M,3.0,Experience design | CS489 | Ref No.: B033266-03 | Valid till | 2026-27 Summer | Computer Science Track Course | COMPG&M | 3 Credits
B038310-02,Learning theory,CS-526,CS-526,2025-26 Winter,False,Computer Science Track Course,COMPA&T,3.0,Learning theory | CS-526 | Ref No.: B038310-02 | Valid till | 2025-26 Winter | Computer Science Track Course | COMPA&T | 3 Credits
B041517-01,Formal Verification,CS550,CS-550,2025-26 Summer,False,4000-level Course in Computer Science and Engineering,COMP4000LEVEL,3.0,Formal Verification | CS550 | Ref No.: B041517-01 | Valid till | 2025-26 Summer | 4000-level Course in Computer Science and Engineering | COMP4000LEVEL | 3 Credits
B045487-06,Modern Natural Language Processing,CS552,CS-552,2025-26 Summer,False,Common Core Course in Science and Technology,STCCUCORE,4.0,Modern Natural Language Processing | CS552 | Ref No.: B045487-06 | Valid till | 2025-26 Summer | Common Core Course in Science and Technology | STCCUCORE | 4 Credits
B040397-02,Modern Natural Language Processing,CS552,CS-552,2026-27 Winter,False,Computer Science Track Course,COMPA&T,3.0,Modern Natural Language Processing | CS552 | Ref No.: B040397-02 | Valid till | 2026-27 Winter | Computer Science Track Course | COMPA&T | 3 Credits
B045487-04,Modern Natural Language Processing,CS552,CS-552,2028-29 Winter,True,Computer Science Track Course,COMPA&T,4.0,Modern Natural Language Processing | CS552 | Ref No.: B045487-04 | Valid till | 2028-29 Winter | Computer Science Track Course | COMPA&T | 4 Credits
B045487-05,Modern Natural Language Processing,CS552,CS-552,2028-29 Winter,True,Common Core Broadening Group in Technology,CORETECH,4.0,Modern Natural Language Processing | CS552 | Ref No.: B045487-05 | Valid till | 2028-29 Winter | Common Core Broadening Group in Technology | CORETECH | 4 Credits
B038308-03,Foundation of probabilistic proofs,CS-602,CS-602,2025-26 Winter,False,Computer Science Track Course,COMPA&T,3.0,Foundation of probabilistic proofs | CS-602 | Ref No.: B038308-03 | Valid till | 2025-26 Winter | Computer Science Track Course | COMPA&T | 3 Credits
B042067-01,Foundations of Digital Humanities,DH405,DH-405,2026-27 Summer,True,Digital Humanities,HUMA5630,3.0,Foundations of Digital Humanities | DH405 | Ref No.: B042067-01 | Valid till | 2026-27 Summer | Digital Humanities | HUMA5630 | 3 Credits
B046006-04,Analog IC Design,EE-320,EE-320,2025-26 Summer,False,Common Core Course in Science and Technology,STCCUCORE,3.0,Analog IC Design | EE-320 | Ref No.: B046006-04 | Valid till | 2025-26 Summer | Common Core Course in Science and Technology | STCCUCORE | 3 Credits
B046006-03,Analog IC Design,EE-320,EE-320,2027-28 Summer,True,Common Core Broadening Group in Technology,CORETECH,3.0,Analog IC Design | EE-320 | Ref No.: B046006-03 | Valid till | 2027-28 Summer | Common Core Broadening Group in Technology | CORETECH | 3 Credits
B046006-02,Analog IC Design,EE-320,EE-320,2027-28 Summer,True,Introduction to Integrated Circuits and Systems,ELEC3400,4.0,Analog IC Design | EE-320 | Ref No.: B046006-02 | Valid till | 2027-28 Summer | Introduction to Integrated Circuits and Systems | ELEC3400 | 4 Credits
B041185-01,Digital Systems Design,EE334,EE-334,2025-26 Summer,False,FPGA-based Design: From Theory to Practice,ELEC4320,3.0,Digital Systems Design | EE334 | Ref No.: B041185-01 | Valid till | 2025-26 Summer | FPGA-based Design: From Theory to Practice | ELEC4320 | 3 Credits
B044127-01,Image Analysis and Pattern Recognition,EE451,EE-451,2027-28 Winter,True,Image Processing,COMP4421,3.0,Image Analysis and Pattern Recognition | EE451 | Ref No.: B044127-01 | Valid till | 2027-28 Winter | Image Processing | COMP4421 | 3 Credits
B045433-01,Sustainability,ENV101,ENV-101,2028-29 Winter,True,"Climate Change, Big History and Sustainability",CIVL1190,3.0,"Sustainability | ENV101 | Ref No.: B045433-01 | Valid till | 2028-29 Winter | MIN. GRADE/SCORE | B- | Climate Change, Big History and Sustainability | CIVL1190 | 3 Credits"
B037008-01,Introduction to Environmental Engineering,ENV-167,ENV-167,2025-26 Winter,False,Introduction to Environmental Engineering,CENG1700,3.0,Introduction to Environmental Engineering | ENV-167 | Ref No.: B037008-01 | Valid till | 2025-26 Winter | MIN. GRADE/SCORE | B | Introduction to Environmental Engineering | CENG1700 | 3 Credits
B034176-02,Fundamentals in Ecology,ENV220,ENV-220,2028-29 Winter,True,Ecology,OCES3160,3.0,Fundamentals in Ecology | ENV220 | Ref No.: B034176-02 | Valid till | 2028-29 Winter | Ecology | OCES3160 | 3 Credits
B037050-02,Sustainability Assessment of Urban Systems,ENV-461,ENV-461,2025-26 Winter,False,2000-level Course in Environment,ENVR2000LEVEL,2.0,Sustainability Assessment of Urban Systems | ENV-461 | Ref No.: B037050-02 | Valid till | 2025-26 Winter | 2000-level Course in Environment | ENVR2000LEVEL | 2 Credits
B006894-02,Investments,FIN-405,FIN-405,2028-29 Winter,True,Intermediate Investments,FINA3103,3.0,Investments | FIN-405 | Ref No.: B006894-02 | Valid till | 2028-29 Winter | Intermediate Investments | FINA3103 | 3 Credits
B041205-02,Probability and Stochastic Calculus,FIN-415,FIN-415,2025-26 Summer,False,4000-level Course in Mathematics,MATH4000LEVEL,3.0,Probability and Stochastic Calculus | FIN-415 | Ref No.: B041205-02 | Valid till | 2025-26 Summer | 4000-level Course in Mathematics | MATH4000LEVEL | 3 Credits
B043055-02,Quantitative Risk Management,FIN-417,FIN-417,2026-27 Summer,True,4000-level Course in Finance,FINA4000LEVEL,2.0,Quantitative Risk Management | FIN-417 | Ref No.: B043055-02 | Valid till | 2026-27 Summer | 4000-level Course in Finance | FINA4000LEVEL | 2 Credits
B045828-02,Financial Intermediation,FIN-420,FIN-420,2028-29 Winter,True,4000-level Course in Finance,FINA4000LEVEL,2.0,Financial Intermediation | FIN-420 | Ref No.: B045828-02 | Valid till | 2028-29 Winter | 4000-level Course in Finance | FINA4000LEVEL | 2 Credits
B043979-02,French Integrated Skills Modules (Beginner),FR-DÉB-III-A,FR-DÉB-III-A,2026-27 Summer,True,Common Core Course in Broadening Group,COREBROAD,2.0,French Integrated Skills Modules (Beginner) | FR-DÉB-III-A | Ref No.: B043979-02 | Valid till | 2026-27 Summer | Common Core Course in Broadening Group | COREBROAD | 2 Credits
B043979-01,French Integrated Skills Modules (Beginner),FR-DÉB-III-A,FR-DÉB-III-A,2026-27 Summer,True,French: World Language and Culture,LANG1310,3.0,French Integrated Skills Modules (Beginner) | FR-DÉB-III-A | Ref No.: B043979-01 | Valid till | 2026-27 Summer | French: World Language and Culture | LANG1310 | 3 Credits
B047270-02,French Integrated Skills Modules (Beginner),FR-DÉB-IV-P,FR-DÉB-IV-P,2028-29 Winter,True,Common Core Course in Broadening Group,COREBROAD,2.0,French Integrated Skills Modules (Beginner) | FR-DÉB-IV-P | Ref No.: B047270-02 | Valid till | 2028-29 Winter | Common Core Course in Broadening Group | COREBROAD | 2 Credits
B047270-01,French Integrated Skills Modules (Beginner),FR-DÉB-IV-P,FR-DÉB-IV-P,2028-29 Winter,True,French: World Language and Culture,LANG1310,3.0,French Integrated Skills Modules (Beginner) | FR-DÉB-IV-P | Ref No.: B047270-01 | Valid till | 2028-29 Winter | French: World Language and Culture | LANG1310 | 3 Credits
B037011-01,Musical Theory and Creativity,HUM-274,HUM-274,2025-26 Winter,False,Music Theory I: Introduction to Tonal Music,HUMA2104,3.0,Musical Theory and Creativity | HUM-274 | Ref No.: B037011-01 | Valid till | 2025-26 Winter | Music Theory I: Introduction to Tonal Music | HUMA2104 | 3 Credits
B042963-08,Risk Savvy,HUM-281,HUM-281,2027-28 Spring,True,2000-level Course in Humanities,HUMA2000SACC,2.0,Risk Savvy | HUM-281 | Ref No.: B042963-08 | Valid till | 2027-28 Spring | 2000-level Course in Humanities | HUMA2000SACC | 2 Credits
B042963-03,Risk Savvy,HUM-281,HUM-281,2027-28 Winter,True,2000-level Course in Humanities,HUMA2000HMCC,2.0,Risk Savvy | HUM-281 | Ref No.: B042963-03 | Valid till | 2027-28 Winter | 2000-level Course in Humanities | HUMA2000HMCC | 2 Credits
B046379-07,Tailored Messaging in Conservation Psychology,HUM-302,HUM-302,2025-26 Summer,False,Common Core Course in Humanities,HMCCUCORE,1.0,Tailored Messaging in Conservation Psychology | HUM-302 | Ref No.: B046379-07 | Valid till | 2025-26 Summer | Common Core Course in Humanities | HMCCUCORE | 1 Credit
B046379-06,Tailored Messaging in Conservation Psychology,HUM-302,HUM-302,2025-26 Summer,False,Common Core Course in Social Analysis,SACCUCORE,1.0,Tailored Messaging in Conservation Psychology | HUM-302 | Ref No.: B046379-06 | Valid till | 2025-26 Summer | Common Core Course in Social Analysis | SACCUCORE | 1 Credit
B046379-05,Tailored Messaging in Conservation Psychology,HUM-302,HUM-302,2028-29 Winter,True,Common Core Broadening Group in Humanities,COREHUMA,1.0,Tailored Messaging in Conservation Psychology | HUM-302 | Ref No.: B046379-05 | Valid till | 2028-29 Winter | Common Core Broadening Group in Humanities | COREHUMA | 1 Credit
B046379-02,Tailored Messaging in Conservation Psychology,HUM-302,HUM-302,2028-29 Winter,True,Common Core Broadening Group in Social Analysis,CORESOCA,1.0,Tailored Messaging in Conservation Psychology | HUM-302 | Ref No.: B046379-02 | Valid till | 2028-29 Winter | Common Core Broadening Group in Social Analysis | CORESOCA | 1 Credit
B047068-02,Digital Health and International Human Rights Law,HUM-310,HUM-310,2028-29 Winter,True,Common Core Broadening Group in Social Analysis,CORESOCA,1.0,Digital Health and International Human Rights Law | HUM-310 | Ref No.: B047068-02 | Valid till | 2028-29 Winter | Common Core Broadening Group in Social Analysis | CORESOCA | 1 Credit
B047069-02,Law and Computation I,HUM-487,HUM-487,2025-26 Summer,False,Common Core Course in Social Analysis,SACCUCORE,2.0,Law and Computation I | HUM-487 | Ref No.: B047069-02 | Valid till | 2025-26 Summer | Common Core Course in Social Analysis | SACCUCORE | 2 Credits
B047069-03,Law and Computation I,HUM-487,HUM-487,2028-29 Winter,True,Common Core Broadening Group in Social Analysis,CORESOCA,2.0,Law and Computation I | HUM-487 | Ref No.: B047069-03 | Valid till | 2028-29 Winter | Common Core Broadening Group in Social Analysis | CORESOCA | 2 Credits
B041150-01,Metric and Topological Spaces,MATH-220,MATH-220,2025-26 Summer,False,Topology,MATH4225,3.0,Metric and Topological Spaces | MATH-220 | Ref No.: B041150-01 | Valid till | 2025-26 Summer | Topology | MATH4225 | 3 Credits
B041152-01,Introduction to Optimization and Operations Research,MATH-265,MATH-265,2025-26 Summer,False,Introduction to Optimization,MATH4335,3.0,Introduction to Optimization and Operations Research | MATH-265 | Ref No.: B041152-01 | Valid till | 2025-26 Summer | Introduction to Optimization | MATH4335 | 3 Credits
B041515-01,Algebra,MATH310,MATH-310,2025-26 Summer,False,Abstract Algebra,MATH3121,3.0,Algebra | MATH310 | Ref No.: B041515-01 | Valid till | 2025-26 Summer | Abstract Algebra | MATH3121 | 3 Credits
B047283-01,Algebra,MATH310,MATH-310,2027-28 Summer,True,Abstract Algebra,MATH3121,3.0,Algebra | MATH310 | Ref No.: B047283-01 | Valid till | 2027-28 Summer | Abstract Algebra | MATH3121 | 3 Credits
B037473-01,Algebraic Topology,MATH323,MATH-323,2025-26 Winter,False,Algebraic Topology,MATH5240,3.0,Algebraic Topology | MATH323 | Ref No.: B037473-01 | Valid till | 2025-26 Winter | Algebraic Topology | MATH5240 | 3 Credits
B047282-02,Continuous Optimization,MATH329,MATH-329,2025-26 Summer,False,Common Core Course in Science and Technology,STCCUCORE,3.0,Continuous Optimization | MATH329 | Ref No.: B047282-02 | Valid till | 2025-26 Summer | Common Core Course in Science and Technology | STCCUCORE | 3 Credits
B047282-03,Continuous Optimization,MATH329,MATH-329,2027-28 Summer,True,Common Core Broadening Group in Science,CORESCI,3.0,Continuous Optimization | MATH329 | Ref No.: B047282-03 | Valid till | 2027-28 Summer | Common Core Broadening Group in Science | CORESCI | 3 Credits
B047282-01,Continuous Optimization,MATH329,MATH-329,2027-28 Summer,True,Introduction to Optimization,MATH4335,3.0,Continuous Optimization | MATH329 | Ref No.: B047282-01 | Valid till | 2027-28 Summer | Introduction to Optimization | MATH4335 | 3 Credits
B047033-03,Number Theory I.c - Combinatorial Number Theory,MATH-337,MATH-337,2025-26 Summer,False,4000-level Course in Mathematics,MATH4000STCC,3.0,Number Theory I.c - Combinatorial Number Theory | MATH-337 | Ref No.: B047033-03 | Valid till | 2025-26 Summer | 4000-level Course in Mathematics | MATH4000STCC | 3 Credits
B047033-02,Number Theory I.c - Combinatorial Number Theory,MATH-337,MATH-337,2027-28 Summer,True,4000-level Course in Mathematics,MATH4000SCCORE,3.0,Number Theory I.c - Combinatorial Number Theory | MATH-337 | Ref No.: B047033-02 | Valid till | 2027-28 Summer | 4000-level Course in Mathematics | MATH4000SCCORE | 3 Credits
B048566-03,Linear Models,MATH-341,MATH-341,2025-26 Summer,False,Common Core Course in Science and Technology,STCCUCORE,3.0,Linear Models | MATH-341 | Ref No.: B048566-03 | Valid till | 2025-26 Summer | Common Core Course in Science and Technology | STCCUCORE | 3 Credits
B048566-02,Linear Models,MATH-341,MATH-341,2028-29 Summer,True,Common Core Broadening Group in Science,CORESCI,3.0,Linear Models | MATH-341 | Ref No.: B048566-02 | Valid till | 2028-29 Summer | Common Core Broadening Group in Science | CORESCI | 3 Credits
B048566-01,Linear Models,MATH-341,MATH-341,2028-29 Summer,True,Regression Analysis,MATH3424,3.0,Linear Models | MATH-341 | Ref No.: B048566-01 | Valid till | 2028-29 Summer | Regression Analysis | MATH3424 | 3 Credits
B006893-06,Time Series,MATH342,MATH-342,2025-26 Winter,False,Introductory Time Series,MATH4425,3.0,Time Series | MATH342 | Ref No.: B006893-06 | Valid till | 2025-26 Winter | Introductory Time Series | MATH4425 | 3 Credits
B037048-01,Modern Regression Methods,MATH-408,MATH-408,2025-26 Winter,False,Regression Analysis,MATH3424,3.0,Modern Regression Methods | MATH-408 | Ref No.: B037048-01 | Valid till | 2025-26 Winter | Regression Analysis | MATH3424 | 3 Credits
B012459-02,Topics in Number Theory,MATH417,MATH-417,2025-26 Winter,False,Number Theory and Applications,MATH4141,3.0,Topics in Number Theory | MATH417 | Ref No.: B012459-02 | Valid till | 2025-26 Winter | Number Theory and Applications | MATH4141 | 3 Credits
B015538-02,Parallel and high performance computing,MATH-454,MATH-454,2025-26 Winter,False,Parallel Programming,COMP5112,3.0,Parallel and high performance computing | MATH-454 | Ref No.: B015538-02 | Valid till | 2025-26 Winter | Parallel Programming | COMP5112 | 3 Credits
B041931-01,Numerical Analysis and Computational Mathematics,MATH456,MATH-456,2026-27 Summer,True,Numerical Analysis,MATH3312,3.0,Numerical Analysis and Computational Mathematics | MATH456 | Ref No.: B041931-01 | Valid till | 2026-27 Summer | Numerical Analysis | MATH3312 | 3 Credits
B041151-01,Mathematical Modelling of Behavior,MATH-463,MATH-463,2025-26 Summer,False,4000-level Course in Mathematics,MATH4000LEVEL,3.0,Mathematical Modelling of Behavior | MATH-463 | Ref No.: B041151-01 | Valid till | 2025-26 Summer | 4000-level Course in Mathematics | MATH4000LEVEL | 3 Credits
B047007-03,Gödel and Recursivity,MATH-483,MATH-483,2025-26 Summer,False,4000-level Course in Mathematics,MATH4000STCC,3.0,Gödel and Recursivity | MATH-483 | Ref No.: B047007-03 | Valid till | 2025-26 Summer | 4000-level Course in Mathematics | MATH4000STCC | 3 Credits
B047007-02,Gödel and Recursivity,MATH-483,MATH-483,2027-28 Summer,True,4000-level Course in Mathematics,MATH4000SCCORE,3.0,Gödel and Recursivity | MATH-483 | Ref No.: B047007-02 | Valid till | 2027-28 Summer | 4000-level Course in Mathematics | MATH4000SCCORE | 3 Credits
B037242-01,Number Theory in Cryptography,MATH-489,MATH-489,2025-26 Winter,False,Number Theory and Applications,MATH4141,3.0,Number Theory in Cryptography | MATH-489 | Ref No.: B037242-01 | Valid till | 2025-26 Winter | Number Theory and Applications | MATH4141 | 3 Credits
B039422-01,Statistical Inference,MATH-562,MATH-562,2025-26 Summer,False,Statistical Inference,MATH3423,3.0,Statistical Inference | MATH-562 | Ref No.: B039422-01 | Valid till | 2025-26 Summer | Statistical Inference | MATH3423 | 3 Credits
B045879-06,Multivariable Control,ME-422,ME-422,2025-26 Summer,False,Common Core Course in Science and Technology,STCCUCORE,2.0,Multivariable Control | ME-422 | Ref No.: B045879-06 | Valid till | 2025-26 Summer | Common Core Course in Science and Technology | STCCUCORE | 2 Credits
B045879-05,Multivariable Control,ME-422,ME-422,2027-28 Summer,True,Common Core Broadening Group in Technology,CORETECH,2.0,Multivariable Control | ME-422 | Ref No.: B045879-05 | Valid till | 2027-28 Summer | Common Core Broadening Group in Technology | CORETECH | 2 Credits
B045879-04,Multivariable Control,ME-422,ME-422,2027-28 Summer,True,"System Modeling, Analysis and Control",ELEC3200,4.0,"Multivariable Control | ME-422 | Ref No.: B045879-04 | Valid till | 2027-28 Summer | System Modeling, Analysis and Control | ELEC3200 | 4 Credits"
B045835-04,Game Theory and Strategic Decisions,MGT-300,MGT-300,2027-28 Summer,True,4000-level Course in Economics,ECON4000SACC,1.0,Game Theory and Strategic Decisions | MGT-300 | Ref No.: B045835-04 | Valid till | 2027-28 Summer | 4000-level Course in Economics | ECON4000SACC | 1 Credit
B041157-01,Convex Optimization,MGT-418,MGT-418,2025-26 Summer,False,Convex Optimization,ELEC5470,3.0,Convex Optimization | MGT-418 | Ref No.: B041157-01 | Valid till | 2025-26 Summer | Convex Optimization | ELEC5470 | 3 Credits
B039393-01,Principles of Microeconomics,MGT-454,MGT-454,2025-26 Summer,False,Principles of Microeconomics,ECON2103,3.0,Principles of Microeconomics | MGT-454 | Ref No.: B039393-01 | Valid till | 2025-26 Summer | Principles of Microeconomics | ECON2103 | 3 Credits
B047073-03,Practical Business Law,MGT-455,MGT-455,2025-26 Summer,False,Common Core Course in Social Analysis,SACCUCORE,2.0,Practical Business Law | MGT-455 | Ref No.: B047073-03 | Valid till | 2025-26 Summer | Common Core Course in Social Analysis | SACCUCORE | 2 Credits
B047073-02,Practical Business Law,MGT-455,MGT-455,2028-29 Winter,True,Common Core Broadening Group in Social Analysis,CORESOCA,2.0,Practical Business Law | MGT-455 | Ref No.: B047073-02 | Valid till | 2028-29 Winter | Common Core Broadening Group in Social Analysis | CORESOCA | 2 Credits
B039633-01,Principles of Finance,MGT-482,MGT-482,2025-26 Summer,False,Fundamentals of Business Finance,FINA2203,3.0,Principles of Finance | MGT-482 | Ref No.: B039633-01 | Valid till | 2025-26 Summer | Fundamentals of Business Finance | FINA2203 | 3 Credits
B039395-01,Applied Probability & Stochastic Processes,MGT-484,MGT-484,2025-26 Summer,False,Stochastic Modeling,MATH3425,3.0,Applied Probability & Stochastic Processes | MGT-484 | Ref No.: B039395-01 | Valid till | 2025-26 Summer | Stochastic Modeling | MATH3425 | 3 Credits
B045878-01,Microfabrication technologies,MICRO-331,MICRO-331,2027-28 Summer,True,Microelectronics Fabrication Technology,ELEC5070,3.0,Microfabrication technologies | MICRO-331 | Ref No.: B045878-01 | Valid till | 2027-28 Summer | Microelectronics Fabrication Technology | ELEC5070 | 3 Credits
B045877-01,Basics of robotics for manipulation,MICRO-450,MICRO-450,2027-28 Summer,True,Robot Manipulation,ELEC5640,3.0,Basics of robotics for manipulation | MICRO-450 | Ref No.: B045877-01 | Valid till | 2027-28 Summer | Robot Manipulation | ELEC5640 | 3 Credits
B045876-01,Basics of mobile robotics,MICRO-452,MICRO-452,2027-28 Summer,True,Introduction to Robotics: From Mobile Robots to Manipulators,ELEC4220,4.0,Basics of mobile robotics | MICRO-452 | Ref No.: B045876-01 | Valid till | 2027-28 Summer | Introduction to Robotics: From Mobile Robots to Manipulators | ELEC4220 | 4 Credits
B047009-03,Biology for Engineers,MSE-212,MSE-212,2025-26 Summer,False,Common Core Course in Science and Technology,STCCUCORE,2.0,Biology for Engineers | MSE-212 | Ref No.: B047009-03 | Valid till | 2025-26 Summer | Common Core Course in Science and Technology | STCCUCORE | 2 Credits
B047009-01,Biology for Engineers,MSE-212,MSE-212,2028-29 Winter,True,Chemical Biology for Engineers,BIEN2610,3.0,Biology for Engineers | MSE-212 | Ref No.: B047009-01 | Valid till | 2028-29 Winter | Chemical Biology for Engineers | BIEN2610 | 3 Credits
B047009-02,Biology for Engineers,MSE-212,MSE-212,2028-29 Winter,True,Common Core Broadening Group in Technology,CORETECH,2.0,Biology for Engineers | MSE-212 | Ref No.: B047009-02 | Valid till | 2028-29 Winter | Common Core Broadening Group in Technology | CORETECH | 2 Credits
B042252-01,Thin Film Fabrication Technologies,MSE465,MSE-465,2026-27 Winter,False,Chemistry for Advanced Solar Cell Technologies,CHEM4640,3.0,Thin Film Fabrication Technologies | MSE465 | Ref No.: B042252-01 | Valid till | 2026-27 Winter | Chemistry for Advanced Solar Cell Technologies | CHEM4640 | 3 Credits
B042236-02,Properties of Semiconductors and Related Nanostructures,MSE484,MSE-484,2026-27 Winter,False,Nanomaterials and Applications in Chemical Engineering,CENG4540,3.0,Properties of Semiconductors and Related Nanostructures | MSE484 | Ref No.: B042236-02 | Valid till | 2026-27 Winter | MIN. GRADE/SCORE | B- | Nanomaterials and Applications in Chemical Engineering | CENG4540 | 3 Credits
B042236-01,Properties of Semiconductors and Related Nanostructures,MSE484,MSE-484,2026-27 Winter,False,Chemistry for Advanced Solar Cell Technologies,CHEM4640,3.0,Properties of Semiconductors and Related Nanostructures | MSE484 | Ref No.: B042236-01 | Valid till | 2026-27 Winter | Chemistry for Advanced Solar Cell Technologies | CHEM4640 | 3 Credits
B004640-06,Mathematical methods for physicists,PHYS216,PHYS-216,2025-26 Winter,False,Mathematical Methods in Physics I,PHYS2124,3.0,Mathematical methods for physicists | PHYS216 | Ref No.: B004640-06 | Valid till | 2025-26 Winter | Mathematical Methods in Physics I | PHYS2124 | 3 Credits
B038029-02,Biophysics: Physics of the Cell,PHYS-301,PHYS-301,2027-28 Winter,True,Introductory Biological Physics,PHYS2010,3.0,Biophysics: Physics of the Cell | PHYS-301 | Ref No.: B038029-02 | Valid till | 2027-28 Winter | Introductory Biological Physics | PHYS2010 | 3 Credits
B045529-01,Quantum Physics II,PHYS-314,PHYS-314,2027-28 Summer,True,Quantum Mechanics II,PHYS4051,3.0,Quantum Physics II | PHYS-314 | Ref No.: B045529-01 | Valid till | 2027-28 Summer | Quantum Mechanics II | PHYS4051 | 3 Credits
B046416-02,Advanced Computational Physics,PHYS339,PHYS-339,2028-29 Winter,True,3000-level Course in Physics,PHYS3000LEVEL,2.0,Advanced Computational Physics | PHYS339 | Ref No.: B046416-02 | Valid till | 2028-29 Winter | 3000-level Course in Physics | PHYS3000LEVEL | 2 Credits
B044750-02,Solid State Physics IV,PHYS-420,PHYS-420,2027-28 Winter,True,4000-level Course in Physics,PHYS4000LEVEL,3.0,Solid State Physics IV | PHYS-420 | Ref No.: B044750-02 | Valid till | 2027-28 Winter | 4000-level Course in Physics | PHYS4000LEVEL | 3 Credits
B045747-01,Quantum Physics IV,PHYS-426,PHYS-426,2028-29 Winter,True,5000-level Course in Physics,PHYS5000LEVEL,4.0,Quantum Physics IV | PHYS-426 | Ref No.: B045747-01 | Valid till | 2028-29 Winter | 5000-level Course in Physics | PHYS5000LEVEL | 4 Credits
B046380-01,Fundamentals of Biomedical Imaging,PHYS-438,PHYS-438,2028-29 Winter,True,Medical Imaging,ELEC4820,3.0,Fundamentals of Biomedical Imaging | PHYS-438 | Ref No.: B046380-01 | Valid till | 2028-29 Winter | Medical Imaging | ELEC4820 | 3 Credits
B044745-01,Quantum Optics and Quantum Information,PHYS-454,PHYS-454,2027-28 Winter,True,Modern AMO (Atomic Molecular Optical) Physics with Atoms and Photons,PHYS5280,3.0,Quantum Optics and Quantum Information | PHYS-454 | Ref No.: B044745-01 | Valid till | 2027-28 Winter | Modern AMO (Atomic Molecular Optical) Physics with Atoms and Photons | PHYS5280 | 3 Credits
B041239-02,Behavioral Economics,#,,2025-26 Summer,False,4000-level Course in Economics,ECON4000LEVEL,3.0,Behavioral Economics | # | Ref No.: B041239-02 | Valid till | 2025-26 Summer | 4000-level Course in Economics | ECON4000LEVEL | 3 Credits
B047327-03,French Integrated Skills Modules A1/A2,#,,2028-29 Winter,True,Common Core Course in Broadening Group,COREBROAD,2.0,French Integrated Skills Modules A1/A2 | # | Ref No.: B047327-03 | Valid till | 2028-29 Winter | Common Core Course in Broadening Group | COREBROAD | 2 Credits
B047327-02,French Integrated Skills Modules A1/A2,#,,2028-29 Winter,True,French: World Language and Culture,LANG1310,3.0,French Integrated Skills Modules A1/A2 | # | Ref No.: B047327-02 | Valid till | 2028-29 Winter | French: World Language and Culture | LANG1310 | 3 Credits
