epfl_code,epfl_title_official,epfl_ects,language,coursebook_url,has_2026_27_listing,not_given_2026_27,spring_2027,spring_program_info
AR-123,History of architecture I: 2600 BCE-1420 CE,,English,https://edu.epfl.ch/studyplan/en/propedeutics/architecture/coursebook/history-of-architecture-i-2600-bce-1420-ce-AR-123,True,False,True,Architecture | 2026-2027 Bachelor semester 2 | Semester: | Spring | Exam form: | During the semester (summer session) | Subject examined: | History of architecture I: 2600 BCE-1420 CE | Courses: | 4 Hour(s) per week x 12 weeks | Type: | mandatory | Reference week | Mo | Tu | We | Th | Fr | 8-9 | 9-10 | 10-11
AR-225,History of architecture II: 1420-1750,,English,https://edu.epfl.ch/studyplan/en/bachelor/architecture/coursebook/history-of-architecture-ii-1420-1750-AR-225,True,False,True,Architecture | 2026-2027 Bachelor semester 4 | Semester: | Spring | Exam form: | During the semester (summer session) | Subject examined: | History of architecture II: 1420-1750 | Courses: | 4 Hour(s) per week x 12 weeks | Type: | mandatory | Passerelle HES - AR | 2026-2027 Spring semester | Semester: | Spring | Exam form: | During the semester (summer session) | Subject examined: | History of architecture II: 1420-1750 | Courses: || Passerelle HES - AR | 2026-2027 Spring semester | Semester: | Spring | Exam form: | During the semester (summer session) | Subject examined: | History of architecture II: 1420-1750 | Courses: | 4 Hour(s) per week x 12 weeks | Type: | mandatory | Reference week | Mo | Tu | We | Th | Fr | 8-9 | 9-10 | 10-11
AR-226,History of Architecture V/VI,,English,https://edu.epfl.ch/studyplan/en/bachelor/architecture/coursebook/history-of-architecture-v-vi-AR-226,True,False,True,Architecture | 2026-2027 Bachelor semester 4 | Semester: | Spring | Exam form: | Oral (summer session) | Subject examined: | History of Architecture V/VI | Courses: | 4 Hour(s) per week x 12 weeks | Type: | mandatory | Reference week | Mo | Tu | We | Th | Fr | 8-9 | 9-10 | 10-11
AR-361,History of park and garden design,,English,https://edu.epfl.ch/studyplan/en/bachelor/architecture/coursebook/history-of-park-and-garden-design-AR-361,True,False,True,Architecture | 2026-2027 Bachelor semester 6 | Semester: | Spring | Subject examined: | History of park and garden design | Courses: | 2 Hour(s) per week x 12 weeks | Type: | mandatory | Architecture | 2026-2027 Bachelor semester 6b | Semester: | Spring | Subject examined: | History of park and garden design | Courses: | 2 Hour(s) per week x 12 weeks | Type: | mandatory | Architecture || Architecture | 2026-2027 Bachelor semester 6b | Semester: | Spring | Subject examined: | History of park and garden design | Courses: | 2 Hour(s) per week x 12 weeks | Type: | mandatory | Architecture | 2026-2027 Master semester 2 | Semester: | Spring | Subject examined: | History of park and garden design | Courses: | 2 Hour(s) per week x 12 weeks | Type: | optional | Architecture || Architecture | 2026-2027 Master semester 2 | Semester: | Spring | Subject examined: | History of park and garden design | Courses: | 2 Hour(s) per week x 12 weeks | Type: | optional | Architecture | 2026-2027 Master semester 4 | Semester: | Spring | Subject examined: | History of park and garden design | Courses: | 2 Hour(s) per week x 12 weeks | Type: | optional | Passerelle HES - AR || Architecture | 2026-2027 Master semester 4 | Semester: | Spring | Subject examined: | History of park and garden design | Courses: | 2 Hour(s) per week x 12 weeks | Type: | optional | Passerelle HES - AR | 2026-2027 Spring semester | Semester: | Spring | Subject examined: | History of park and garden design | Courses: | 2 Hour(s) per week x 12 weeks | Type: | mandatory | Reference week || Passerelle HES - AR | 2026-2027 Spring semester | Semester: | Spring | Subject examined: | History of park and garden design | Courses: | 2 Hour(s) per week x 12 weeks | Type: | mandatory | Reference week | Mo | Tu | We | Th | Fr | 8-9 | 9-10 | 10-11 | 11-12 | 12-13
BIO-207,Cellular and molecular biology II,,English,https://edu.epfl.ch/studyplan/en/bachelor/life-sciences-engineering/coursebook/cellular-and-molecular-biology-ii-BIO-207,True,False,True,Life Sciences Engineering | 2026-2027 Bachelor semester 4 | Semester: | Spring | Exam form: | Written (summer session) | Subject examined: | Cellular and molecular biology II | Courses: | 2 Hour(s) per week x 14 weeks | Exercises: | 2 Hour(s) per week x 14 weeks | Type: | mandatory | Reference week | Mo | Tu | We | Th | Fr | 8-9
BIO-213,Biological chemistry II,,English,https://edu.epfl.ch/studyplan/en/bachelor/life-sciences-engineering/coursebook/biological-chemistry-ii-BIO-213,True,False,True,Life Sciences Engineering | 2026-2027 Bachelor semester 4 | Semester: | Spring | Exam form: | Written (summer session) | Subject examined: | Biological chemistry II | Courses: | 2 Hour(s) per week x 14 weeks | Exercises: | 2 Hour(s) per week x 14 weeks | Type: | mandatory | Reference week | Mo | Tu | We | Th | Fr | 8-9
BIO-244,,,,,False,True,False,Course not found in current EPFL 2026-27 study plans
BIO-311,Neuroscience,,English,https://edu.epfl.ch/studyplan/en/bachelor/life-sciences-engineering/coursebook/neuroscience-BIO-311,True,False,False,
BIO-369,Randomness and information in biological data,,English,https://edu.epfl.ch/studyplan/en/bachelor/life-sciences-engineering/coursebook/randomness-and-information-in-biological-data-BIO-369,True,False,True,Life Sciences Engineering | 2026-2027 Bachelor semester 6 | Semester: | Spring | Exam form: | During the semester (summer session) | Subject examined: | Randomness and information in biological data | Courses: | 2 Hour(s) per week x 14 weeks | Exercises: | 2 Hour(s) per week x 14 weeks | Type: | optional | Life Sciences Engineering | 2026-2027 Master semester 2 | Semester: | Spring | Exam form: | During the semester (summer session) | Subject examined: || Life Sciences Engineering | 2026-2027 Master semester 2 | Semester: | Spring | Exam form: | During the semester (summer session) | Subject examined: | Randomness and information in biological data | Courses: | 2 Hour(s) per week x 14 weeks | Exercises: | 2 Hour(s) per week x 14 weeks | Type: | optional | Life Sciences Engineering | 2026-2027 Master semester 4 | Semester: | Spring | Exam form: | During the semester (summer session) | Subject examined: || Life Sciences Engineering | 2026-2027 Master semester 4 | Semester: | Spring | Exam form: | During the semester (summer session) | Subject examined: | Randomness and information in biological data | Courses: | 2 Hour(s) per week x 14 weeks | Exercises: | 2 Hour(s) per week x 14 weeks | Type: | optional | Computational and Quantitative Biology | 2026-2027 Doctoral School | Exam form: | During the semester (summer session) | Subject examined: | Randomness and information in biological data | Courses: || Computational and Quantitative Biology | 2026-2027 Doctoral School | Exam form: | During the semester (summer session) | Subject examined: | Randomness and information in biological data | Courses: | 2 Hour(s) per week x 14 weeks | Exercises: | 2 Hour(s) per week x 14 weeks | Type: | optional | Computational biology minor | 2026-2027 Spring semester | Semester: | Spring | Exam form: | During the semester (summer session) | Subject examined: | Randomness and information in biological data | Courses: || Computational biology minor | 2026-2027 Spring semester | Semester: | Spring | Exam form: | During the semester (summer session) | Subject examined: | Randomness and information in biological data | Courses: | 2 Hour(s) per week x 14 weeks | Exercises: | 2 Hour(s) per week x 14 weeks | Type: | optional | Minor in life sciences engineering | 2026-2027 Spring semester | Semester: | Spring | Exam form: | During the semester (summer session) | Subject examined: || Minor in life sciences engineering | 2026-2027 Spring semester | Semester: | Spring | Exam form: | During the semester (summer session) | Subject examined: | Randomness and information in biological data | Courses: | 2 Hour(s) per week x 14 weeks | Exercises: | 2 Hour(s) per week x 14 weeks | Type: | optional | Reference week | Mo | Tu | We | Th | Fr | 8-9
BIO-372,Microbiology,,English,https://edu.epfl.ch/studyplan/en/bachelor/life-sciences-engineering/coursebook/microbiology-BIO-372,True,False,True,Life Sciences Engineering | 2026-2027 Bachelor semester 6 | Semester: | Spring | Exam form: | During the semester (summer session) | Subject examined: | Microbiology | Courses: | 2 Hour(s) per week x 14 weeks | Exercises: | 2 Hour(s) per week x 14 weeks | Type: | optional | Reference week | Mo | Tu | We | Th | Fr | 8-9
BIO-463,Genomics and bioinformatics,,English,https://edu.epfl.ch/studyplan/en/doctoral_school/computational-and-quantitative-biology/coursebook/genomics-and-bioinformatics-BIO-463,True,False,True,Life Sciences Engineering | 2026-2027 Master semester 2 | Semester: | Spring | Exam form: | Written (summer session) | Subject examined: | Genomics and bioinformatics | Courses: | 2 Hour(s) per week x 14 weeks | Exercises: | 2 Hour(s) per week x 14 weeks | Type: | mandatory | Life Sciences Engineering | 2026-2027 Master semester 4 | Semester: | Spring | Exam form: | Written (summer session) | Subject examined: || Life Sciences Engineering | 2026-2027 Master semester 4 | Semester: | Spring | Exam form: | Written (summer session) | Subject examined: | Genomics and bioinformatics | Courses: | 2 Hour(s) per week x 14 weeks | Exercises: | 2 Hour(s) per week x 14 weeks | Type: | mandatory | Statistics | 2026-2027 Master semester 2 | Semester: | Spring | Exam form: | Written (summer session) | Subject examined: || Statistics | 2026-2027 Master semester 2 | Semester: | Spring | Exam form: | Written (summer session) | Subject examined: | Genomics and bioinformatics | Courses: | 2 Hour(s) per week x 14 weeks | Exercises: | 2 Hour(s) per week x 14 weeks | Type: | optional | Statistics | 2026-2027 Master semester 4 | Semester: | Spring | Exam form: | Written (summer session) | Subject examined: || Statistics | 2026-2027 Master semester 4 | Semester: | Spring | Exam form: | Written (summer session) | Subject examined: | Genomics and bioinformatics | Courses: | 2 Hour(s) per week x 14 weeks | Exercises: | 2 Hour(s) per week x 14 weeks | Type: | optional | Computational and Quantitative Biology | 2026-2027 Doctoral School | Exam form: | Written (summer session) | Subject examined: | Genomics and bioinformatics | Courses: || Computational and Quantitative Biology | 2026-2027 Doctoral School | Exam form: | Written (summer session) | Subject examined: | Genomics and bioinformatics | Courses: | 2 Hour(s) per week x 14 weeks | Exercises: | 2 Hour(s) per week x 14 weeks | Type: | optional | Minor in life sciences engineering | 2026-2027 Spring semester | Semester: | Spring | Exam form: | Written (summer session) | Subject examined: | Genomics and bioinformatics | Courses: || Minor in life sciences engineering | 2026-2027 Spring semester | Semester: | Spring | Exam form: | Written (summer session) | Subject examined: | Genomics and bioinformatics | Courses: | 2 Hour(s) per week x 14 weeks | Exercises: | 2 Hour(s) per week x 14 weeks | Type: | optional | Minor in statistics | 2026-2027 Spring semester | Semester: | Spring | Exam form: | Written (summer session) | Subject examined: || Minor in statistics | 2026-2027 Spring semester | Semester: | Spring | Exam form: | Written (summer session) | Subject examined: | Genomics and bioinformatics | Courses: | 2 Hour(s) per week x 14 weeks | Exercises: | 2 Hour(s) per week x 14 weeks | Type: | optional | Systems Engineering minor | 2026-2027 Spring semester | Semester: | Spring | Exam form: | Written (summer session) | Subject examined: || Systems Engineering minor | 2026-2027 Spring semester | Semester: | Spring | Exam form: | Written (summer session) | Subject examined: | Genomics and bioinformatics | Courses: | 2 Hour(s) per week x 14 weeks | Exercises: | 2 Hour(s) per week x 14 weeks | Type: | optional | Reference week | Mo | Tu | We | Th | Fr | 8-9
BIO-471,Cancer biology I,,English,https://edu.epfl.ch/studyplan/en/master/life-sciences-engineering/coursebook/cancer-biology-i-BIO-471,True,False,False,
BIO-472,Cancer biology II,,English,https://edu.epfl.ch/studyplan/en/master/life-sciences-engineering/coursebook/cancer-biology-ii-BIO-472,True,False,True,Life Sciences Engineering | 2026-2027 Master semester 2 | Semester: | Spring | Exam form: | During the semester (summer session) | Subject examined: | Cancer biology II | Courses: | 3 Hour(s) per week x 14 weeks | Exercises: | 2 Hour(s) per week x 14 weeks | Type: | optional | Life Sciences Engineering | 2026-2027 Master semester 4 | Semester: | Spring | Exam form: | During the semester (summer session) | Subject examined: || Life Sciences Engineering | 2026-2027 Master semester 4 | Semester: | Spring | Exam form: | During the semester (summer session) | Subject examined: | Cancer biology II | Courses: | 3 Hour(s) per week x 14 weeks | Exercises: | 2 Hour(s) per week x 14 weeks | Type: | optional | Reference week | Mo | Tu | We | Th | Fr | 8-9
BIO-478,,,,,False,True,False,Course not found in current EPFL 2026-27 study plans
BIO-480,Neuroscience: from molecular mechanisms to disease,,English,https://edu.epfl.ch/studyplan/en/doctoral_school/neuroscience/coursebook/neuroscience-from-molecular-mechanisms-to-disease-BIO-480,True,False,False,
BIO-483,Neuroscience: behavior and cognition,,English,https://edu.epfl.ch/studyplan/en/doctoral_school/neuroscience/coursebook/neuroscience-behavior-and-cognition-BIO-483,True,False,True,Life Sciences Engineering | 2026-2027 Master semester 2 | Semester: | Spring | Exam form: | Written (summer session) | Subject examined: | Neuroscience: behavior and cognition | Courses: | 3 Hour(s) per week x 14 weeks | Exercises: | 2 Hour(s) per week x 14 weeks | Type: | optional | Life Sciences Engineering | 2026-2027 Master semester 4 | Semester: | Spring | Exam form: | Written (summer session) | Subject examined: || Life Sciences Engineering | 2026-2027 Master semester 4 | Semester: | Spring | Exam form: | Written (summer session) | Subject examined: | Neuroscience: behavior and cognition | Courses: | 3 Hour(s) per week x 14 weeks | Exercises: | 2 Hour(s) per week x 14 weeks | Type: | optional | Neuro-X | 2026-2027 Master semester 2 | Semester: | Spring | Exam form: | Written (summer session) | Subject examined: || Neuro-X | 2026-2027 Master semester 2 | Semester: | Spring | Exam form: | Written (summer session) | Subject examined: | Neuroscience: behavior and cognition | Courses: | 3 Hour(s) per week x 14 weeks | Exercises: | 2 Hour(s) per week x 14 weeks | Type: | optional | Neuro-X | 2026-2027 Master semester 4 | Semester: | Spring | Exam form: | Written (summer session) | Subject examined: || Neuro-X | 2026-2027 Master semester 4 | Semester: | Spring | Exam form: | Written (summer session) | Subject examined: | Neuroscience: behavior and cognition | Courses: | 3 Hour(s) per week x 14 weeks | Exercises: | 2 Hour(s) per week x 14 weeks | Type: | optional | Neuro-X minor | 2026-2027 Spring semester | Semester: | Spring | Exam form: | Written (summer session) | Subject examined: || Neuro-X minor | 2026-2027 Spring semester | Semester: | Spring | Exam form: | Written (summer session) | Subject examined: | Neuroscience: behavior and cognition | Courses: | 3 Hour(s) per week x 14 weeks | Exercises: | 2 Hour(s) per week x 14 weeks | Type: | optional | Neuroscience | 2026-2027 Doctoral School | Exam form: | Written (summer session) | Subject examined: | Neuroscience: behavior and cognition | Courses:
BIO-491,New tools & research strategies in personalized health,,English,https://edu.epfl.ch/studyplan/en/master/life-sciences-engineering/coursebook/new-tools-research-strategies-in-personalized-health-BIO-491,True,False,True,Life Sciences Engineering | 2026-2027 Master semester 2 | Semester: | Spring | Exam form: | During the semester (summer session) | Subject examined: | New tools & research strategies in personalized health | Courses: | 2 Hour(s) per week x 14 weeks | Project: | 2 Hour(s) per week x 14 weeks | Type: | optional | Life Sciences Engineering | 2026-2027 Master semester 4 | Semester: | Spring | Exam form: | During the semester (summer session) | Subject examined: || Life Sciences Engineering | 2026-2027 Master semester 4 | Semester: | Spring | Exam form: | During the semester (summer session) | Subject examined: | New tools & research strategies in personalized health | Courses: | 2 Hour(s) per week x 14 weeks | Project: | 2 Hour(s) per week x 14 weeks | Type: | optional | Biomedical technologies minor | 2026-2027 Spring semester | Semester: | Spring | Exam form: | During the semester (summer session) | Subject examined: || Biomedical technologies minor | 2026-2027 Spring semester | Semester: | Spring | Exam form: | During the semester (summer session) | Subject examined: | New tools & research strategies in personalized health | Courses: | 2 Hour(s) per week x 14 weeks | Project: | 2 Hour(s) per week x 14 weeks | Type: | optional | Biotechnology minor | 2026-2027 Spring semester | Semester: | Spring | Exam form: | During the semester (summer session) | Subject examined: || Biotechnology minor | 2026-2027 Spring semester | Semester: | Spring | Exam form: | During the semester (summer session) | Subject examined: | New tools & research strategies in personalized health | Courses: | 2 Hour(s) per week x 14 weeks | Project: | 2 Hour(s) per week x 14 weeks | Type: | optional | Minor in life sciences engineering | 2026-2027 Spring semester | Semester: | Spring | Exam form: | During the semester (summer session) | Subject examined: || Minor in life sciences engineering | 2026-2027 Spring semester | Semester: | Spring | Exam form: | During the semester (summer session) | Subject examined: | New tools & research strategies in personalized health | Courses: | 2 Hour(s) per week x 14 weeks | Project: | 2 Hour(s) per week x 14 weeks | Type: | optional | Reference week | Mo | Tu | We | Th | Fr | 8-9
BIOENG-210,Biological data science I: statistical learning,,English,https://edu.epfl.ch/studyplan/en/bachelor/life-sciences-engineering/coursebook/biological-data-science-i-statistical-learning-BIOENG-210,True,False,True,Life Sciences Engineering | 2026-2027 Bachelor semester 4 | Semester: | Spring | Exam form: | Written (summer session) | Subject examined: | Biological data science I: statistical learning | Courses: | 2 Hour(s) per week x 14 weeks | Exercises: | 2 Hour(s) per week x 14 weeks | Type: | mandatory | Reference week | Mo | Tu | We | Th | Fr | 8-9
BIOENG-315,,,,,False,True,False,Course not found in current EPFL 2026-27 study plans
BIOENG-399,Immunoengineering,,English,https://edu.epfl.ch/studyplan/en/bachelor/life-sciences-engineering/coursebook/immunoengineering-BIOENG-399,True,False,True,Life Sciences Engineering | 2026-2027 Bachelor semester 6 | Semester: | Spring | Exam form: | Written (summer session) | Subject examined: | Immunoengineering | Courses: | 2 Hour(s) per week x 14 weeks | Exercises: | 2 Hour(s) per week x 14 weeks | Type: | optional | Life Sciences Engineering | 2026-2027 Master semester 2 | Semester: | Spring | Exam form: | Written (summer session) | Subject examined: || Life Sciences Engineering | 2026-2027 Master semester 2 | Semester: | Spring | Exam form: | Written (summer session) | Subject examined: | Immunoengineering | Courses: | 2 Hour(s) per week x 14 weeks | Exercises: | 2 Hour(s) per week x 14 weeks | Type: | optional | Life Sciences Engineering | 2026-2027 Master semester 4 | Semester: | Spring | Exam form: | Written (summer session) | Subject examined: || Life Sciences Engineering | 2026-2027 Master semester 4 | Semester: | Spring | Exam form: | Written (summer session) | Subject examined: | Immunoengineering | Courses: | 2 Hour(s) per week x 14 weeks | Exercises: | 2 Hour(s) per week x 14 weeks | Type: | optional | Materials Science and Engineering | 2026-2027 Master semester 2 | Semester: | Spring | Exam form: | Written (summer session) | Subject examined: || Materials Science and Engineering | 2026-2027 Master semester 2 | Semester: | Spring | Exam form: | Written (summer session) | Subject examined: | Immunoengineering | Courses: | 2 Hour(s) per week x 14 weeks | Exercises: | 2 Hour(s) per week x 14 weeks | Type: | optional | Materials Science and Engineering | 2026-2027 Master semester 4 | Semester: | Spring | Exam form: | Written (summer session) | Subject examined: || Materials Science and Engineering | 2026-2027 Master semester 4 | Semester: | Spring | Exam form: | Written (summer session) | Subject examined: | Immunoengineering | Courses: | 2 Hour(s) per week x 14 weeks | Exercises: | 2 Hour(s) per week x 14 weeks | Type: | optional | Biotechnology minor | 2026-2027 Spring semester | Semester: | Spring | Exam form: | Written (summer session) | Subject examined: || Biotechnology minor | 2026-2027 Spring semester | Semester: | Spring | Exam form: | Written (summer session) | Subject examined: | Immunoengineering | Courses: | 2 Hour(s) per week x 14 weeks | Exercises: | 2 Hour(s) per week x 14 weeks | Type: | optional | Computational and Quantitative Biology | 2026-2027 Doctoral School | Exam form: | Written (summer session) | Subject examined: | Immunoengineering | Courses:
CH-319,Experimental biochemistry and biophysics,,English,https://edu.epfl.ch/studyplan/en/bachelor/chemistry/coursebook/experimental-biochemistry-and-biophysics-CH-319,True,False,True,Chemistry | 2026-2027 Bachelor semester 6 | Semester: | Spring | Exam form: | During the semester (summer session) | Subject examined: | Experimental biochemistry and biophysics | TP: | 6 Hour(s) per week x 14 weeks | Type: | mandatory | Biotechnology minor | 2026-2027 Spring semester | Semester: | Spring | Exam form: | During the semester (summer session) | Subject examined: | Experimental biochemistry and biophysics | TP: || Biotechnology minor | 2026-2027 Spring semester | Semester: | Spring | Exam form: | During the semester (summer session) | Subject examined: | Experimental biochemistry and biophysics | TP: | 6 Hour(s) per week x 14 weeks | Type: | optional | Reference week | Mo | Tu | We | Th | Fr | 8-9 | 9-10 | 10-11
CH-411,,,,,False,True,False,Course not found in current EPFL 2026-27 study plans
CH-438,Total synthesis of natural products,,English,https://edu.epfl.ch/studyplan/en/doctoral_school/chemistry-and-chemical-engineering/coursebook/total-synthesis-of-natural-products-CH-438,True,False,False,
COM-404,Information theory and coding,,English,https://edu.epfl.ch/studyplan/en/doctoral_school/computer-and-communication-sciences/coursebook/information-theory-and-coding-COM-404,True,False,False,
COM-407,Advanced networks,,English,https://edu.epfl.ch/studyplan/en/master/communication-systems-master-program/coursebook/advanced-networks-COM-407,True,False,False,
COM-417,Advanced probability and applications,,English,https://edu.epfl.ch/studyplan/en/doctoral_school/computer-and-communication-sciences/coursebook/advanced-probability-and-applications-COM-417,True,False,True,Communication Systems - master program | 2026-2027 Master semester 2 | Semester: | Spring | Exam form: | Written (summer session) | Subject examined: | Advanced probability and applications | Courses: | 4 Hour(s) per week x 14 weeks | Exercises: | 2 Hour(s) per week x 14 weeks | Type: | mandatory | Communication Systems - master program | 2026-2027 Master semester 4 | Semester: | Spring | Exam form: | Written (summer session) | Subject examined: || Communication Systems - master program | 2026-2027 Master semester 4 | Semester: | Spring | Exam form: | Written (summer session) | Subject examined: | Advanced probability and applications | Courses: | 4 Hour(s) per week x 14 weeks | Exercises: | 2 Hour(s) per week x 14 weeks | Type: | mandatory | Computer Science - Cybersecurity | 2026-2027 Master semester 2 | Semester: | Spring | Exam form: | Written (summer session) | Subject examined: || Computer Science - Cybersecurity | 2026-2027 Master semester 2 | Semester: | Spring | Exam form: | Written (summer session) | Subject examined: | Advanced probability and applications | Courses: | 4 Hour(s) per week x 14 weeks | Exercises: | 2 Hour(s) per week x 14 weeks | Type: | optional | Computer Science - Cybersecurity | 2026-2027 Master semester 4 | Semester: | Spring | Exam form: | Written (summer session) | Subject examined: || Computer Science - Cybersecurity | 2026-2027 Master semester 4 | Semester: | Spring | Exam form: | Written (summer session) | Subject examined: | Advanced probability and applications | Courses: | 4 Hour(s) per week x 14 weeks | Exercises: | 2 Hour(s) per week x 14 weeks | Type: | optional | Computer Science | 2026-2027 Master semester 2 | Semester: | Spring | Exam form: | Written (summer session) | Subject examined: || Computer Science | 2026-2027 Master semester 2 | Semester: | Spring | Exam form: | Written (summer session) | Subject examined: | Advanced probability and applications | Courses: | 4 Hour(s) per week x 14 weeks | Exercises: | 2 Hour(s) per week x 14 weeks | Type: | mandatory | Computer Science | 2026-2027 Master semester 4 | Semester: | Spring | Exam form: | Written (summer session) | Subject examined: || Computer Science | 2026-2027 Master semester 4 | Semester: | Spring | Exam form: | Written (summer session) | Subject examined: | Advanced probability and applications | Courses: | 4 Hour(s) per week x 14 weeks | Exercises: | 2 Hour(s) per week x 14 weeks | Type: | mandatory | Data Science | 2026-2027 Master semester 2 | Semester: | Spring | Exam form: | Written (summer session) | Subject examined: || Data Science | 2026-2027 Master semester 2 | Semester: | Spring | Exam form: | Written (summer session) | Subject examined: | Advanced probability and applications | Courses: | 4 Hour(s) per week x 14 weeks | Exercises: | 2 Hour(s) per week x 14 weeks | Type: | optional | Data Science | 2026-2027 Master semester 4 | Semester: | Spring | Exam form: | Written (summer session) | Subject examined: || Data Science | 2026-2027 Master semester 4 | Semester: | Spring | Exam form: | Written (summer session) | Subject examined: | Advanced probability and applications | Courses: | 4 Hour(s) per week x 14 weeks | Exercises: | 2 Hour(s) per week x 14 weeks | Type: | optional | Computer and Communication Sciences | 2026-2027 Doctoral School | Exam form: | Written (summer session) | Subject examined: | Advanced probability and applications | Courses: || Computer and Communication Sciences | 2026-2027 Doctoral School | Exam form: | Written (summer session) | Subject examined: | Advanced probability and applications | Courses: | 4 Hour(s) per week x 14 weeks | Exercises: | 2 Hour(s) per week x 14 weeks | Type: | mandatory | Data science minor | 2026-2027 Spring semester | Semester: | Spring | Exam form: | Written (summer session) | Subject examined: | Advanced probability and applications | Courses: || Data science minor | 2026-2027 Spring semester | Semester: | Spring | Exam form: | Written (summer session) | Subject examined: | Advanced probability and applications | Courses: | 4 Hour(s) per week x 14 weeks | Exercises: | 2 Hour(s) per week x 14 weeks | Type: | optional | Electrical Engineering | 2026-2027 Doctoral School | Exam form: | Written (summer session) | Subject examined: | Advanced probability and applications | Courses:
COM-480,Data visualization,,English,https://edu.epfl.ch/studyplan/en/doctoral_school/computational-and-quantitative-biology/coursebook/data-visualization-COM-480,True,False,True,Communication Systems - master program | 2026-2027 Master semester 2 | Semester: | Spring | Exam form: | During the semester (summer session) | Subject examined: | Data visualization | Courses: | 2 Hour(s) per week x 14 weeks | Project: | 2 Hour(s) per week x 14 weeks | Type: | optional | Communication Systems - master program | 2026-2027 Master semester 4 | Semester: | Spring | Exam form: | During the semester (summer session) | Subject examined: || Communication Systems - master program | 2026-2027 Master semester 4 | Semester: | Spring | Exam form: | During the semester (summer session) | Subject examined: | Data visualization | Courses: | 2 Hour(s) per week x 14 weeks | Project: | 2 Hour(s) per week x 14 weeks | Type: | optional | Computer Science - Cybersecurity | 2026-2027 Master semester 2 | Semester: | Spring | Exam form: | During the semester (summer session) | Subject examined: || Computer Science - Cybersecurity | 2026-2027 Master semester 2 | Semester: | Spring | Exam form: | During the semester (summer session) | Subject examined: | Data visualization | Courses: | 2 Hour(s) per week x 14 weeks | Project: | 2 Hour(s) per week x 14 weeks | Type: | optional | Computer Science - Cybersecurity | 2026-2027 Master semester 4 | Semester: | Spring | Exam form: | During the semester (summer session) | Subject examined: || Computer Science - Cybersecurity | 2026-2027 Master semester 4 | Semester: | Spring | Exam form: | During the semester (summer session) | Subject examined: | Data visualization | Courses: | 2 Hour(s) per week x 14 weeks | Project: | 2 Hour(s) per week x 14 weeks | Type: | optional | Computer Science | 2026-2027 Master semester 2 | Semester: | Spring | Exam form: | During the semester (summer session) | Subject examined: || Computer Science | 2026-2027 Master semester 2 | Semester: | Spring | Exam form: | During the semester (summer session) | Subject examined: | Data visualization | Courses: | 2 Hour(s) per week x 14 weeks | Project: | 2 Hour(s) per week x 14 weeks | Type: | optional | Computer Science | 2026-2027 Master semester 4 | Semester: | Spring | Exam form: | During the semester (summer session) | Subject examined: || Computer Science | 2026-2027 Master semester 4 | Semester: | Spring | Exam form: | During the semester (summer session) | Subject examined: | Data visualization | Courses: | 2 Hour(s) per week x 14 weeks | Project: | 2 Hour(s) per week x 14 weeks | Type: | optional | Data Science | 2026-2027 Master semester 2 | Semester: | Spring | Exam form: | During the semester (summer session) | Subject examined: || Data Science | 2026-2027 Master semester 2 | Semester: | Spring | Exam form: | During the semester (summer session) | Subject examined: | Data visualization | Courses: | 2 Hour(s) per week x 14 weeks | Project: | 2 Hour(s) per week x 14 weeks | Type: | optional | Data Science | 2026-2027 Master semester 4 | Semester: | Spring | Exam form: | During the semester (summer session) | Subject examined: || Data Science | 2026-2027 Master semester 4 | Semester: | Spring | Exam form: | During the semester (summer session) | Subject examined: | Data visualization | Courses: | 2 Hour(s) per week x 14 weeks | Project: | 2 Hour(s) per week x 14 weeks | Type: | optional | Digital Humanities | 2026-2027 Master semester 2 | Semester: | Spring | Exam form: | During the semester (summer session) | Subject examined: || Digital Humanities | 2026-2027 Master semester 2 | Semester: | Spring | Exam form: | During the semester (summer session) | Subject examined: | Data visualization | Courses: | 2 Hour(s) per week x 14 weeks | Project: | 2 Hour(s) per week x 14 weeks | Type: | optional | Digital Humanities | 2026-2027 Master semester 4 | Semester: | Spring | Exam form: | During the semester (summer session) | Subject examined: || Digital Humanities | 2026-2027 Master semester 4 | Semester: | Spring | Exam form: | During the semester (summer session) | Subject examined: | Data visualization | Courses: | 2 Hour(s) per week x 14 weeks | Project: | 2 Hour(s) per week x 14 weeks | Type: | optional | Electrical and Electronics Engineering | 2026-2027 Master semester 2 | Semester: | Spring | Exam form: | During the semester (summer session) | Subject examined:
CS-173,Fundamentals of digital systems,,English,https://edu.epfl.ch/studyplan/en/minor/computer-science-minor/coursebook/fundamentals-of-digital-systems-CS-173,True,False,True,Computer Science | 2026-2027 Bachelor semester 2 | Semester: | Spring | Exam form: | Written (summer session) | Subject examined: | Fundamentals of digital systems | Courses: | 3 Hour(s) per week x 14 weeks | Exercises: | 4 Hour(s) per week x 14 weeks | Type: | mandatory | Communication Systems | 2026-2027 Bachelor semester 2 | Semester: | Spring | Exam form: | Written (summer session) | Subject examined: || Communication Systems | 2026-2027 Bachelor semester 2 | Semester: | Spring | Exam form: | Written (summer session) | Subject examined: | Fundamentals of digital systems | Courses: | 3 Hour(s) per week x 14 weeks | Exercises: | 4 Hour(s) per week x 14 weeks | Type: | mandatory | Computer science minor | 2026-2027 Spring semester | Semester: | Spring | Exam form: | Written (summer session) | Subject examined: || Computer science minor | 2026-2027 Spring semester | Semester: | Spring | Exam form: | Written (summer session) | Subject examined: | Fundamentals of digital systems | Courses: | 3 Hour(s) per week x 14 weeks | Exercises: | 4 Hour(s) per week x 14 weeks | Type: | optional | Reference week | Mo | Tu | We | Th | Fr | 8-9
CS-200,Computer architecture,,English,https://edu.epfl.ch/studyplan/en/bachelor/communication-systems/coursebook/computer-architecture-CS-200,True,False,False,
CS-202,Computer systems,,English,https://edu.epfl.ch/studyplan/en/bachelor/communication-systems/coursebook/computer-systems-CS-202,True,False,True,Computer Science | 2026-2027 Bachelor semester 4 | Semester: | Spring | Exam form: | Written (summer session) | Subject examined: | Computer systems | Courses: | 4 Hour(s) per week x 14 weeks | Exercises: | 2 Hour(s) per week x 14 weeks | Lab: | 2 Hour(s) per week x 14 weeks | Type: | mandatory | Communication Systems | 2026-2027 Bachelor semester 4 | Semester: | Spring | Exam form: || Communication Systems | 2026-2027 Bachelor semester 4 | Semester: | Spring | Exam form: | Written (summer session) | Subject examined: | Computer systems | Courses: | 4 Hour(s) per week x 14 weeks | Exercises: | 2 Hour(s) per week x 14 weeks | Lab: | 2 Hour(s) per week x 14 weeks | Type: | mandatory | Passerelle HES - IC | 2026-2027 Spring semester | Semester: | Spring | Exam form: || Passerelle HES - IC | 2026-2027 Spring semester | Semester: | Spring | Exam form: | Written (summer session) | Subject examined: | Computer systems | Courses: | 4 Hour(s) per week x 14 weeks | Exercises: | 2 Hour(s) per week x 14 weeks | Lab: | 2 Hour(s) per week x 14 weeks | Type: | optional | Computer science minor | 2026-2027 Spring semester | Semester: | Spring | Exam form: || Computer science minor | 2026-2027 Spring semester | Semester: | Spring | Exam form: | Written (summer session) | Subject examined: | Computer systems | Courses: | 4 Hour(s) per week x 14 weeks | Exercises: | 2 Hour(s) per week x 14 weeks | Lab: | 2 Hour(s) per week x 14 weeks | Type: | optional | Cyber security minor | 2026-2027 Spring semester | Semester: | Spring | Exam form: || Cyber security minor | 2026-2027 Spring semester | Semester: | Spring | Exam form: | Written (summer session) | Subject examined: | Computer systems | Courses: | 4 Hour(s) per week x 14 weeks | Exercises: | 2 Hour(s) per week x 14 weeks | Lab: | 2 Hour(s) per week x 14 weeks | Type: | optional | Reference week | Mo | Tu | We | Th
CS-214,Software construction,,English,https://edu.epfl.ch/studyplan/en/bachelor/communication-systems/coursebook/software-construction-CS-214,True,False,False,
CS-233,Introduction to machine learning,,English,https://edu.epfl.ch/studyplan/en/bachelor/communication-systems/coursebook/introduction-to-machine-learning-CS-233,True,False,True,Computer Science | 2026-2027 Bachelor semester 4 | Semester: | Spring | Exam form: | Written (summer session) | Subject examined: | Introduction to machine learning | Courses: | 2 Hour(s) per week x 14 weeks | Exercises: | 2 Hour(s) per week x 14 weeks | Project: | 2 Hour(s) per week x 14 weeks | Type: | optional | Communication Systems | 2026-2027 Bachelor semester 4 | Semester: | Spring | Exam form: || Communication Systems | 2026-2027 Bachelor semester 4 | Semester: | Spring | Exam form: | Written (summer session) | Subject examined: | Introduction to machine learning | Courses: | 2 Hour(s) per week x 14 weeks | Exercises: | 2 Hour(s) per week x 14 weeks | Project: | 2 Hour(s) per week x 14 weeks | Type: | mandatory | Environmental Sciences and Engineering | 2026-2027 Bachelor semester 6 | Semester: | Spring | Exam form: || Environmental Sciences and Engineering | 2026-2027 Bachelor semester 6 | Semester: | Spring | Exam form: | Written (summer session) | Subject examined: | Introduction to machine learning | Courses: | 2 Hour(s) per week x 14 weeks | Exercises: | 2 Hour(s) per week x 14 weeks | Project: | 2 Hour(s) per week x 14 weeks | Type: | optional | Mathematics | 2026-2027 Bachelor semester 6 | Semester: | Spring | Exam form: || Mathematics | 2026-2027 Bachelor semester 6 | Semester: | Spring | Exam form: | Written (summer session) | Subject examined: | Introduction to machine learning | Courses: | 2 Hour(s) per week x 14 weeks | Exercises: | 2 Hour(s) per week x 14 weeks | Project: | 2 Hour(s) per week x 14 weeks | Type: | optional | Passerelle HES - IC | 2026-2027 Spring semester | Semester: | Spring | Exam form: || Passerelle HES - IC | 2026-2027 Spring semester | Semester: | Spring | Exam form: | Written (summer session) | Subject examined: | Introduction to machine learning | Courses: | 2 Hour(s) per week x 14 weeks | Exercises: | 2 Hour(s) per week x 14 weeks | Project: | 2 Hour(s) per week x 14 weeks | Type: | optional | Reference week | Mo | Tu | We | Th
CS-250,Algorithms I,,English,https://edu.epfl.ch/studyplan/en/bachelor/communication-systems/coursebook/algorithms-i-CS-250,True,False,True,Computer Science | 2026-2027 Bachelor semester 4 | Semester: | Spring | Exam form: | Written (summer session) | Subject examined: | Algorithms I | Courses: | 4 Hour(s) per week x 14 weeks | Exercises: | 2 Hour(s) per week x 14 weeks | Type: | mandatory | Communication Systems | 2026-2027 Bachelor semester 4 | Semester: | Spring | Exam form: | Written (summer session) | Subject examined: || Communication Systems | 2026-2027 Bachelor semester 4 | Semester: | Spring | Exam form: | Written (summer session) | Subject examined: | Algorithms I | Courses: | 4 Hour(s) per week x 14 weeks | Exercises: | 2 Hour(s) per week x 14 weeks | Type: | mandatory | Mathematics | 2026-2027 Bachelor semester 6 | Semester: | Spring | Exam form: | Written (summer session) | Subject examined: || Mathematics | 2026-2027 Bachelor semester 6 | Semester: | Spring | Exam form: | Written (summer session) | Subject examined: | Algorithms I | Courses: | 4 Hour(s) per week x 14 weeks | Exercises: | 2 Hour(s) per week x 14 weeks | Type: | optional | Passerelle HES - IC | 2026-2027 Spring semester | Semester: | Spring | Exam form: | Written (summer session) | Subject examined: || Passerelle HES - IC | 2026-2027 Spring semester | Semester: | Spring | Exam form: | Written (summer session) | Subject examined: | Algorithms I | Courses: | 4 Hour(s) per week x 14 weeks | Exercises: | 2 Hour(s) per week x 14 weeks | Type: | mandatory | Computer science minor | 2026-2027 Spring semester | Semester: | Spring | Exam form: | Written (summer session) | Subject examined: || Computer science minor | 2026-2027 Spring semester | Semester: | Spring | Exam form: | Written (summer session) | Subject examined: | Algorithms I | Courses: | 4 Hour(s) per week x 14 weeks | Exercises: | 2 Hour(s) per week x 14 weeks | Type: | optional | Cyber security minor | 2026-2027 Spring semester | Semester: | Spring | Exam form: | Written (summer session) | Subject examined: || Cyber security minor | 2026-2027 Spring semester | Semester: | Spring | Exam form: | Written (summer session) | Subject examined: | Algorithms I | Courses: | 4 Hour(s) per week x 14 weeks | Exercises: | 2 Hour(s) per week x 14 weeks | Type: | optional | Data science minor | 2026-2027 Spring semester | Semester: | Spring | Exam form: | Written (summer session) | Subject examined: || Data science minor | 2026-2027 Spring semester | Semester: | Spring | Exam form: | Written (summer session) | Subject examined: | Algorithms I | Courses: | 4 Hour(s) per week x 14 weeks | Exercises: | 2 Hour(s) per week x 14 weeks | Type: | optional | Reference week | Mo | Tu | We | Th | Fr | 8-9
CS-251,Theory of computation,,English,https://edu.epfl.ch/studyplan/en/bachelor/communication-systems/coursebook/theory-of-computation-CS-251,True,False,True,Computer Science | 2026-2027 Bachelor semester 6 | Semester: | Spring | Exam form: | Written (summer session) | Subject examined: | Theory of computation | Courses: | 2 Hour(s) per week x 14 weeks | Exercises: | 2 Hour(s) per week x 14 weeks | Type: | mandatory | Communication Systems | 2026-2027 Bachelor semester 6 | Semester: | Spring | Exam form: | Written (summer session) | Subject examined: || Communication Systems | 2026-2027 Bachelor semester 6 | Semester: | Spring | Exam form: | Written (summer session) | Subject examined: | Theory of computation | Courses: | 2 Hour(s) per week x 14 weeks | Exercises: | 2 Hour(s) per week x 14 weeks | Type: | optional | Passerelle HES - IC | 2026-2027 Spring semester | Semester: | Spring | Exam form: | Written (summer session) | Subject examined: || Passerelle HES - IC | 2026-2027 Spring semester | Semester: | Spring | Exam form: | Written (summer session) | Subject examined: | Theory of computation | Courses: | 2 Hour(s) per week x 14 weeks | Exercises: | 2 Hour(s) per week x 14 weeks | Type: | optional | Computer science minor | 2026-2027 Spring semester | Semester: | Spring | Exam form: | Written (summer session) | Subject examined: || Computer science minor | 2026-2027 Spring semester | Semester: | Spring | Exam form: | Written (summer session) | Subject examined: | Theory of computation | Courses: | 2 Hour(s) per week x 14 weeks | Exercises: | 2 Hour(s) per week x 14 weeks | Type: | optional | Reference week | Mo | Tu | We | Th | Fr | 8-9
CS-300,Data-intensive systems,,English,https://edu.epfl.ch/studyplan/en/bachelor/communication-systems/coursebook/data-intensive-systems-CS-300,True,False,True,Computer Science | 2026-2027 Bachelor semester 6 | Semester: | Spring | Exam form: | Written (summer session) | Subject examined: | Data-intensive systems | Courses: | 2 Hour(s) per week x 14 weeks | Exercises: | 1 Hour(s) per week x 14 weeks | Lab: | 2 Hour(s) per week x 14 weeks | Type: | mandatory | Communication Systems | 2026-2027 Bachelor semester 6 | Semester: | Spring | Exam form: || Communication Systems | 2026-2027 Bachelor semester 6 | Semester: | Spring | Exam form: | Written (summer session) | Subject examined: | Data-intensive systems | Courses: | 2 Hour(s) per week x 14 weeks | Exercises: | 1 Hour(s) per week x 14 weeks | Lab: | 2 Hour(s) per week x 14 weeks | Type: | optional | Passerelle HES - IC | 2026-2027 Spring semester | Semester: | Spring | Exam form: || Passerelle HES - IC | 2026-2027 Spring semester | Semester: | Spring | Exam form: | Written (summer session) | Subject examined: | Data-intensive systems | Courses: | 2 Hour(s) per week x 14 weeks | Exercises: | 1 Hour(s) per week x 14 weeks | Lab: | 2 Hour(s) per week x 14 weeks | Type: | optional | Computer science minor | 2026-2027 Spring semester | Semester: | Spring | Exam form: || Computer science minor | 2026-2027 Spring semester | Semester: | Spring | Exam form: | Written (summer session) | Subject examined: | Data-intensive systems | Courses: | 2 Hour(s) per week x 14 weeks | Exercises: | 1 Hour(s) per week x 14 weeks | Lab: | 2 Hour(s) per week x 14 weeks | Type: | optional | Cyber security minor | 2026-2027 Spring semester | Semester: | Spring | Exam form: || Cyber security minor | 2026-2027 Spring semester | Semester: | Spring | Exam form: | Written (summer session) | Subject examined: | Data-intensive systems | Courses: | 2 Hour(s) per week x 14 weeks | Exercises: | 1 Hour(s) per week x 14 weeks | Lab: | 2 Hour(s) per week x 14 weeks | Type: | optional | Data science minor | 2026-2027 Spring semester | Semester: | Spring | Exam form: || Data science minor | 2026-2027 Spring semester | Semester: | Spring | Exam form: | Written (summer session) | Subject examined: | Data-intensive systems | Courses: | 2 Hour(s) per week x 14 weeks | Exercises: | 1 Hour(s) per week x 14 weeks | Lab: | 2 Hour(s) per week x 14 weeks | Type: | optional | Reference week | Mo | Tu | We | Th
CS-302,Parallelism and concurrency in software,,English,https://edu.epfl.ch/studyplan/en/bachelor/communication-systems/coursebook/parallelism-and-concurrency-in-software-CS-302,True,False,True,Computer Science | 2026-2027 Bachelor semester 6 | Semester: | Spring | Exam form: | During the semester (summer session) | Subject examined: | Parallelism and concurrency in software | Courses: | 3 Hour(s) per week x 14 weeks | Exercises: | 1 Hour(s) per week x 14 weeks | Lab: | 2 Hour(s) per week x 14 weeks | Type: | optional | Communication Systems | 2026-2027 Bachelor semester 6 | Semester: | Spring | Exam form: || Communication Systems | 2026-2027 Bachelor semester 6 | Semester: | Spring | Exam form: | During the semester (summer session) | Subject examined: | Parallelism and concurrency in software | Courses: | 3 Hour(s) per week x 14 weeks | Exercises: | 1 Hour(s) per week x 14 weeks | Lab: | 2 Hour(s) per week x 14 weeks | Type: | optional | Computer science minor | 2026-2027 Spring semester | Semester: | Spring | Exam form: || Computer science minor | 2026-2027 Spring semester | Semester: | Spring | Exam form: | During the semester (summer session) | Subject examined: | Parallelism and concurrency in software | Courses: | 3 Hour(s) per week x 14 weeks | Exercises: | 1 Hour(s) per week x 14 weeks | Lab: | 2 Hour(s) per week x 14 weeks | Type: | optional | Reference week | Mo | Tu | We | Th
CS-305,,,,,False,True,False,Course not found in current EPFL 2026-27 study plans
CS-308,Introduction to quantum computation,,English,https://edu.epfl.ch/studyplan/en/bachelor/communication-systems/coursebook/introduction-to-quantum-computation-CS-308,True,False,True,Computer Science | 2026-2027 Bachelor semester 6 | Semester: | Spring | Exam form: | Written (summer session) | Subject examined: | Introduction to quantum computation | Courses: | 3 Hour(s) per week x 14 weeks | Exercises: | 1 Hour(s) per week x 14 weeks | Type: | optional | Communication Systems | 2026-2027 Bachelor semester 6 | Semester: | Spring | Exam form: | Written (summer session) | Subject examined: || Communication Systems | 2026-2027 Bachelor semester 6 | Semester: | Spring | Exam form: | Written (summer session) | Subject examined: | Introduction to quantum computation | Courses: | 3 Hour(s) per week x 14 weeks | Exercises: | 1 Hour(s) per week x 14 weeks | Type: | optional | Quantum Science and Engineering | 2026-2027 Master semester 2 | Semester: | Spring | Exam form: | Written (summer session) | Subject examined: || Quantum Science and Engineering | 2026-2027 Master semester 2 | Semester: | Spring | Exam form: | Written (summer session) | Subject examined: | Introduction to quantum computation | Courses: | 3 Hour(s) per week x 14 weeks | Exercises: | 1 Hour(s) per week x 14 weeks | Type: | optional | Quantum Science and Engineering | 2026-2027 Master semester 4 | Semester: | Spring | Exam form: | Written (summer session) | Subject examined: || Quantum Science and Engineering | 2026-2027 Master semester 4 | Semester: | Spring | Exam form: | Written (summer session) | Subject examined: | Introduction to quantum computation | Courses: | 3 Hour(s) per week x 14 weeks | Exercises: | 1 Hour(s) per week x 14 weeks | Type: | optional | Minor in Quantum Science and Engineering | 2026-2027 Spring semester | Semester: | Spring | Exam form: | Written (summer session) | Subject examined: || Minor in Quantum Science and Engineering | 2026-2027 Spring semester | Semester: | Spring | Exam form: | Written (summer session) | Subject examined: | Introduction to quantum computation | Courses: | 3 Hour(s) per week x 14 weeks | Exercises: | 1 Hour(s) per week x 14 weeks | Type: | optional | Reference week | Mo | Tu | We | Th | Fr | 8-9
CS-320,Computer language processing,,English,https://edu.epfl.ch/studyplan/en/bachelor/communication-systems/coursebook/computer-language-processing-CS-320,True,False,True,Computer Science | 2026-2027 Bachelor semester 6 | Semester: | Spring | Exam form: | During the semester (summer session) | Subject examined: | Computer language processing | Courses: | 2 Hour(s) per week x 14 weeks | Exercises: | 2 Hour(s) per week x 14 weeks | Project: | 2 Hour(s) per week x 14 weeks | Type: | optional | Communication Systems | 2026-2027 Bachelor semester 6 | Semester: | Spring | Exam form: || Communication Systems | 2026-2027 Bachelor semester 6 | Semester: | Spring | Exam form: | During the semester (summer session) | Subject examined: | Computer language processing | Courses: | 2 Hour(s) per week x 14 weeks | Exercises: | 2 Hour(s) per week x 14 weeks | Project: | 2 Hour(s) per week x 14 weeks | Type: | optional | Computer science minor | 2026-2027 Spring semester | Semester: | Spring | Exam form: || Computer science minor | 2026-2027 Spring semester | Semester: | Spring | Exam form: | During the semester (summer session) | Subject examined: | Computer language processing | Courses: | 2 Hour(s) per week x 14 weeks | Exercises: | 2 Hour(s) per week x 14 weeks | Project: | 2 Hour(s) per week x 14 weeks | Type: | optional | Reference week | Mo | Tu | We | Th
CS-328,Numerical methods for visual computing and ML,,English,https://edu.epfl.ch/studyplan/en/bachelor/communication-systems/coursebook/numerical-methods-for-visual-computing-and-ml-CS-328,True,False,False,
CS-341,Computer graphics,,English,https://edu.epfl.ch/studyplan/en/bachelor/communication-systems/coursebook/computer-graphics-CS-341,True,False,True,Computer Science | 2026-2027 Bachelor semester 4 | Semester: | Spring | Exam form: | Written (summer session) | Subject examined: | Computer graphics | Courses: | 2 Hour(s) per week x 14 weeks | Exercises: | 1 Hour(s) per week x 14 weeks | Lab: | 2 Hour(s) per week x 14 weeks | Type: | optional | Communication Systems | 2026-2027 Bachelor semester 4 | Semester: | Spring | Exam form: || Communication Systems | 2026-2027 Bachelor semester 4 | Semester: | Spring | Exam form: | Written (summer session) | Subject examined: | Computer graphics | Courses: | 2 Hour(s) per week x 14 weeks | Exercises: | 1 Hour(s) per week x 14 weeks | Lab: | 2 Hour(s) per week x 14 weeks | Type: | optional | Computer science minor | 2026-2027 Spring semester | Semester: | Spring | Exam form: || Computer science minor | 2026-2027 Spring semester | Semester: | Spring | Exam form: | Written (summer session) | Subject examined: | Computer graphics | Courses: | 2 Hour(s) per week x 14 weeks | Exercises: | 1 Hour(s) per week x 14 weeks | Lab: | 2 Hour(s) per week x 14 weeks | Type: | optional | Reference week | Mo | Tu | We | Th
CS-401,Applied data analysis,,English,https://edu.epfl.ch/studyplan/en/doctoral_school/civil-and-environmental-engineering/coursebook/applied-data-analysis-CS-401,True,False,False,
CS-412,Software security,,English,https://edu.epfl.ch/studyplan/en/doctoral_school/computer-and-communication-sciences/coursebook/software-security-CS-412,True,False,True,Computer Science | 2026-2027 Master semester 2 | Semester: | Spring | Exam form: | Written (summer session) | Subject examined: | Software security | Courses: | 3 Hour(s) per week x 14 weeks | Exercises: | 2 Hour(s) per week x 14 weeks | Lab: | 1 Hour(s) per week x 14 weeks | Type: | mandatory | Computer Science | 2026-2027 Master semester 4 | Semester: | Spring | Exam form: || Computer Science | 2026-2027 Master semester 4 | Semester: | Spring | Exam form: | Written (summer session) | Subject examined: | Software security | Courses: | 3 Hour(s) per week x 14 weeks | Exercises: | 2 Hour(s) per week x 14 weeks | Lab: | 1 Hour(s) per week x 14 weeks | Type: | mandatory | Communication Systems - master program | 2026-2027 Master semester 2 | Semester: | Spring | Exam form: || Communication Systems - master program | 2026-2027 Master semester 2 | Semester: | Spring | Exam form: | Written (summer session) | Subject examined: | Software security | Courses: | 3 Hour(s) per week x 14 weeks | Exercises: | 2 Hour(s) per week x 14 weeks | Lab: | 1 Hour(s) per week x 14 weeks | Type: | optional | Communication Systems - master program | 2026-2027 Master semester 4 | Semester: | Spring | Exam form: || Communication Systems - master program | 2026-2027 Master semester 4 | Semester: | Spring | Exam form: | Written (summer session) | Subject examined: | Software security | Courses: | 3 Hour(s) per week x 14 weeks | Exercises: | 2 Hour(s) per week x 14 weeks | Lab: | 1 Hour(s) per week x 14 weeks | Type: | optional | Computer Science - Cybersecurity | 2026-2027 Master semester 2 | Semester: | Spring | Exam form: || Computer Science - Cybersecurity | 2026-2027 Master semester 2 | Semester: | Spring | Exam form: | Written (summer session) | Subject examined: | Software security | Courses: | 3 Hour(s) per week x 14 weeks | Exercises: | 2 Hour(s) per week x 14 weeks | Lab: | 1 Hour(s) per week x 14 weeks | Type: | mandatory | Computer Science - Cybersecurity | 2026-2027 Master semester 4 | Semester: | Spring | Exam form: || Computer Science - Cybersecurity | 2026-2027 Master semester 4 | Semester: | Spring | Exam form: | Written (summer session) | Subject examined: | Software security | Courses: | 3 Hour(s) per week x 14 weeks | Exercises: | 2 Hour(s) per week x 14 weeks | Lab: | 1 Hour(s) per week x 14 weeks | Type: | mandatory | Data Science | 2026-2027 Master semester 2 | Semester: | Spring | Exam form: || Data Science | 2026-2027 Master semester 2 | Semester: | Spring | Exam form: | Written (summer session) | Subject examined: | Software security | Courses: | 3 Hour(s) per week x 14 weeks | Exercises: | 2 Hour(s) per week x 14 weeks | Lab: | 1 Hour(s) per week x 14 weeks | Type: | optional | Data Science | 2026-2027 Master semester 4 | Semester: | Spring | Exam form: || Data Science | 2026-2027 Master semester 4 | Semester: | Spring | Exam form: | Written (summer session) | Subject examined: | Software security | Courses: | 3 Hour(s) per week x 14 weeks | Exercises: | 2 Hour(s) per week x 14 weeks | Lab: | 1 Hour(s) per week x 14 weeks | Type: | optional | Computer and Communication Sciences | 2026-2027 Doctoral School | Exam form: | Written (summer session) | Subject examined: || Computer and Communication Sciences | 2026-2027 Doctoral School | Exam form: | Written (summer session) | Subject examined: | Software security | Courses: | 3 Hour(s) per week x 14 weeks | Exercises: | 2 Hour(s) per week x 14 weeks | Lab: | 1 Hour(s) per week x 14 weeks | Type: | optional | Cyber security minor | 2026-2027 Spring semester | Semester: | Spring | Exam form: | Written (summer session) | Subject examined: || Cyber security minor | 2026-2027 Spring semester | Semester: | Spring | Exam form: | Written (summer session) | Subject examined: | Software security | Courses: | 3 Hour(s) per week x 14 weeks | Exercises: | 2 Hour(s) per week x 14 weeks | Lab: | 1 Hour(s) per week x 14 weeks | Type: | optional | Reference week | Mo | Tu | We | Th
CS-413,,,,,False,True,False,Course not found in current EPFL 2026-27 study plans
CS-430,,,,,False,True,False,Course not found in current EPFL 2026-27 study plans
CS-431,,,,,False,True,False,Course not found in current EPFL 2026-27 study plans
CS-433,Machine learning,,English,https://edu.epfl.ch/studyplan/en/doctoral_school/civil-and-environmental-engineering/coursebook/machine-learning-CS-433,True,False,False,
CS-439,Optimization for machine learning,,English,https://edu.epfl.ch/studyplan/en/doctoral_school/electrical-engineering/coursebook/optimization-for-machine-learning-CS-439,True,False,True,Computer Science | 2026-2027 Master semester 2 | Semester: | Spring | Exam form: | Written (summer session) | Subject examined: | Optimization for machine learning | Courses: | 2 Hour(s) per week x 14 weeks | Exercises: | 2 Hour(s) per week x 14 weeks | Lab: | 1 Hour(s) per week x 14 weeks | Type: | optional | Computer Science | 2026-2027 Master semester 4 | Semester: | Spring | Exam form: || Computer Science | 2026-2027 Master semester 4 | Semester: | Spring | Exam form: | Written (summer session) | Subject examined: | Optimization for machine learning | Courses: | 2 Hour(s) per week x 14 weeks | Exercises: | 2 Hour(s) per week x 14 weeks | Lab: | 1 Hour(s) per week x 14 weeks | Type: | optional | Communication Systems - master program | 2026-2027 Master semester 2 | Semester: | Spring | Exam form: || Communication Systems - master program | 2026-2027 Master semester 2 | Semester: | Spring | Exam form: | Written (summer session) | Subject examined: | Optimization for machine learning | Courses: | 2 Hour(s) per week x 14 weeks | Exercises: | 2 Hour(s) per week x 14 weeks | Lab: | 1 Hour(s) per week x 14 weeks | Type: | optional | Communication Systems - master program | 2026-2027 Master semester 4 | Semester: | Spring | Exam form: || Communication Systems - master program | 2026-2027 Master semester 4 | Semester: | Spring | Exam form: | Written (summer session) | Subject examined: | Optimization for machine learning | Courses: | 2 Hour(s) per week x 14 weeks | Exercises: | 2 Hour(s) per week x 14 weeks | Lab: | 1 Hour(s) per week x 14 weeks | Type: | optional | Computer Science - Cybersecurity | 2026-2027 Master semester 2 | Semester: | Spring | Exam form: || Computer Science - Cybersecurity | 2026-2027 Master semester 2 | Semester: | Spring | Exam form: | Written (summer session) | Subject examined: | Optimization for machine learning | Courses: | 2 Hour(s) per week x 14 weeks | Exercises: | 2 Hour(s) per week x 14 weeks | Lab: | 1 Hour(s) per week x 14 weeks | Type: | optional | Computer Science - Cybersecurity | 2026-2027 Master semester 4 | Semester: | Spring | Exam form: || Computer Science - Cybersecurity | 2026-2027 Master semester 4 | Semester: | Spring | Exam form: | Written (summer session) | Subject examined: | Optimization for machine learning | Courses: | 2 Hour(s) per week x 14 weeks | Exercises: | 2 Hour(s) per week x 14 weeks | Lab: | 1 Hour(s) per week x 14 weeks | Type: | optional | Data Science | 2026-2027 Master semester 2 | Semester: | Spring | Exam form: || Data Science | 2026-2027 Master semester 2 | Semester: | Spring | Exam form: | Written (summer session) | Subject examined: | Optimization for machine learning | Courses: | 2 Hour(s) per week x 14 weeks | Exercises: | 2 Hour(s) per week x 14 weeks | Lab: | 1 Hour(s) per week x 14 weeks | Type: | mandatory | Data Science | 2026-2027 Master semester 4 | Semester: | Spring | Exam form: || Data Science | 2026-2027 Master semester 4 | Semester: | Spring | Exam form: | Written (summer session) | Subject examined: | Optimization for machine learning | Courses: | 2 Hour(s) per week x 14 weeks | Exercises: | 2 Hour(s) per week x 14 weeks | Lab: | 1 Hour(s) per week x 14 weeks | Type: | mandatory | Neuro-X | 2026-2027 Master semester 2 | Semester: | Spring | Exam form: || Neuro-X | 2026-2027 Master semester 2 | Semester: | Spring | Exam form: | Written (summer session) | Subject examined: | Optimization for machine learning | Courses: | 2 Hour(s) per week x 14 weeks | Exercises: | 2 Hour(s) per week x 14 weeks | Lab: | 1 Hour(s) per week x 14 weeks | Type: | optional | Neuro-X | 2026-2027 Master semester 4 | Semester: | Spring | Exam form: || Neuro-X | 2026-2027 Master semester 4 | Semester: | Spring | Exam form: | Written (summer session) | Subject examined: | Optimization for machine learning | Courses: | 2 Hour(s) per week x 14 weeks | Exercises: | 2 Hour(s) per week x 14 weeks | Lab: | 1 Hour(s) per week x 14 weeks | Type: | optional | Quantum Science and Engineering | 2026-2027 Master semester 2 | Semester: | Spring | Exam form:
CS-442,Computer vision,,English,https://edu.epfl.ch/studyplan/en/doctoral_school/robotics-control-and-intelligent-systems/coursebook/computer-vision-CS-442,True,False,True,Computer Science | 2026-2027 Master semester 2 | Semester: | Spring | Exam form: | Written (summer session) | Subject examined: | Computer vision | Courses: | 2 Hour(s) per week x 14 weeks | Exercises: | 1 Hour(s) per week x 14 weeks | Type: | optional | Computer Science | 2026-2027 Master semester 4 | Semester: | Spring | Exam form: | Written (summer session) | Subject examined: || Computer Science | 2026-2027 Master semester 4 | Semester: | Spring | Exam form: | Written (summer session) | Subject examined: | Computer vision | Courses: | 2 Hour(s) per week x 14 weeks | Exercises: | 1 Hour(s) per week x 14 weeks | Type: | optional | Communication Systems - master program | 2026-2027 Master semester 2 | Semester: | Spring | Exam form: | Written (summer session) | Subject examined: || Communication Systems - master program | 2026-2027 Master semester 2 | Semester: | Spring | Exam form: | Written (summer session) | Subject examined: | Computer vision | Courses: | 2 Hour(s) per week x 14 weeks | Exercises: | 1 Hour(s) per week x 14 weeks | Type: | optional | Communication Systems - master program | 2026-2027 Master semester 4 | Semester: | Spring | Exam form: | Written (summer session) | Subject examined: || Communication Systems - master program | 2026-2027 Master semester 4 | Semester: | Spring | Exam form: | Written (summer session) | Subject examined: | Computer vision | Courses: | 2 Hour(s) per week x 14 weeks | Exercises: | 1 Hour(s) per week x 14 weeks | Type: | optional | Computer Science - Cybersecurity | 2026-2027 Master semester 2 | Semester: | Spring | Exam form: | Written (summer session) | Subject examined: || Computer Science - Cybersecurity | 2026-2027 Master semester 2 | Semester: | Spring | Exam form: | Written (summer session) | Subject examined: | Computer vision | Courses: | 2 Hour(s) per week x 14 weeks | Exercises: | 1 Hour(s) per week x 14 weeks | Type: | optional | Computer Science - Cybersecurity | 2026-2027 Master semester 4 | Semester: | Spring | Exam form: | Written (summer session) | Subject examined: || Computer Science - Cybersecurity | 2026-2027 Master semester 4 | Semester: | Spring | Exam form: | Written (summer session) | Subject examined: | Computer vision | Courses: | 2 Hour(s) per week x 14 weeks | Exercises: | 1 Hour(s) per week x 14 weeks | Type: | optional | Data Science | 2026-2027 Master semester 2 | Semester: | Spring | Exam form: | Written (summer session) | Subject examined: || Data Science | 2026-2027 Master semester 2 | Semester: | Spring | Exam form: | Written (summer session) | Subject examined: | Computer vision | Courses: | 2 Hour(s) per week x 14 weeks | Exercises: | 1 Hour(s) per week x 14 weeks | Type: | optional | Data Science | 2026-2027 Master semester 4 | Semester: | Spring | Exam form: | Written (summer session) | Subject examined: || Data Science | 2026-2027 Master semester 4 | Semester: | Spring | Exam form: | Written (summer session) | Subject examined: | Computer vision | Courses: | 2 Hour(s) per week x 14 weeks | Exercises: | 1 Hour(s) per week x 14 weeks | Type: | optional | Digital Humanities | 2026-2027 Master semester 2 | Semester: | Spring | Exam form: | Written (summer session) | Subject examined: || Digital Humanities | 2026-2027 Master semester 2 | Semester: | Spring | Exam form: | Written (summer session) | Subject examined: | Computer vision | Courses: | 2 Hour(s) per week x 14 weeks | Exercises: | 1 Hour(s) per week x 14 weeks | Type: | optional | Digital Humanities | 2026-2027 Master semester 4 | Semester: | Spring | Exam form: | Written (summer session) | Subject examined: || Digital Humanities | 2026-2027 Master semester 4 | Semester: | Spring | Exam form: | Written (summer session) | Subject examined: | Computer vision | Courses: | 2 Hour(s) per week x 14 weeks | Exercises: | 1 Hour(s) per week x 14 weeks | Type: | optional | Neuro-X | 2026-2027 Master semester 2 | Semester: | Spring | Exam form: | Written (summer session) | Subject examined:
CS-452,,,,,False,True,False,Course not found in current EPFL 2026-27 study plans
CS-477,Advanced operating systems,,English,https://edu.epfl.ch/studyplan/en/master/communication-systems-master-program/coursebook/advanced-operating-systems-CS-477,True,False,False,
CS-486,Interaction design,,English,https://edu.epfl.ch/studyplan/en/doctoral_school/robotics-control-and-intelligent-systems/coursebook/interaction-design-CS-486,True,False,True,Computer Science | 2026-2027 Master semester 2 | Semester: | Spring | Exam form: | During the semester (summer session) | Subject examined: | Interaction design | Courses: | 2 Hour(s) per week x 14 weeks | Exercises: | 1 Hour(s) per week x 14 weeks | Project: | 1 Hour(s) per week x 14 weeks | Type: | optional | Computer Science | 2026-2027 Master semester 4 | Semester: | Spring | Exam form: || Computer Science | 2026-2027 Master semester 4 | Semester: | Spring | Exam form: | During the semester (summer session) | Subject examined: | Interaction design | Courses: | 2 Hour(s) per week x 14 weeks | Exercises: | 1 Hour(s) per week x 14 weeks | Project: | 1 Hour(s) per week x 14 weeks | Type: | optional | Communication Systems - master program | 2026-2027 Master semester 2 | Semester: | Spring | Exam form: || Communication Systems - master program | 2026-2027 Master semester 2 | Semester: | Spring | Exam form: | During the semester (summer session) | Subject examined: | Interaction design | Courses: | 2 Hour(s) per week x 14 weeks | Exercises: | 1 Hour(s) per week x 14 weeks | Project: | 1 Hour(s) per week x 14 weeks | Type: | optional | Communication Systems - master program | 2026-2027 Master semester 4 | Semester: | Spring | Exam form: || Communication Systems - master program | 2026-2027 Master semester 4 | Semester: | Spring | Exam form: | During the semester (summer session) | Subject examined: | Interaction design | Courses: | 2 Hour(s) per week x 14 weeks | Exercises: | 1 Hour(s) per week x 14 weeks | Project: | 1 Hour(s) per week x 14 weeks | Type: | optional | Computer Science - Cybersecurity | 2026-2027 Master semester 2 | Semester: | Spring | Exam form: || Computer Science - Cybersecurity | 2026-2027 Master semester 2 | Semester: | Spring | Exam form: | During the semester (summer session) | Subject examined: | Interaction design | Courses: | 2 Hour(s) per week x 14 weeks | Exercises: | 1 Hour(s) per week x 14 weeks | Project: | 1 Hour(s) per week x 14 weeks | Type: | optional | Computer Science - Cybersecurity | 2026-2027 Master semester 4 | Semester: | Spring | Exam form: || Computer Science - Cybersecurity | 2026-2027 Master semester 4 | Semester: | Spring | Exam form: | During the semester (summer session) | Subject examined: | Interaction design | Courses: | 2 Hour(s) per week x 14 weeks | Exercises: | 1 Hour(s) per week x 14 weeks | Project: | 1 Hour(s) per week x 14 weeks | Type: | optional | Digital Humanities | 2026-2027 Master semester 2 | Semester: | Spring | Exam form: || Digital Humanities | 2026-2027 Master semester 2 | Semester: | Spring | Exam form: | During the semester (summer session) | Subject examined: | Interaction design | Courses: | 2 Hour(s) per week x 14 weeks | Exercises: | 1 Hour(s) per week x 14 weeks | Project: | 1 Hour(s) per week x 14 weeks | Type: | optional | Digital Humanities | 2026-2027 Master semester 4 | Semester: | Spring | Exam form: || Digital Humanities | 2026-2027 Master semester 4 | Semester: | Spring | Exam form: | During the semester (summer session) | Subject examined: | Interaction design | Courses: | 2 Hour(s) per week x 14 weeks | Exercises: | 1 Hour(s) per week x 14 weeks | Project: | 1 Hour(s) per week x 14 weeks | Type: | optional | Robotics | Control and Intelligent Systems 2026-2027 Doctoral School | Exam form: | During the semester (summer session) | Subject examined:
CS-489,Experience design,,English,https://edu.epfl.ch/studyplan/en/master/communication-systems-master-program/coursebook/experience-design-CS-489,True,False,False,
CS-552,Modern natural language processing,,English,https://edu.epfl.ch/studyplan/en/doctoral_school/computational-and-quantitative-biology/coursebook/modern-natural-language-processing-CS-552,True,False,True,Computer Science | 2026-2027 Master semester 2 | Semester: | Spring | Exam form: | During the semester (summer session) | Subject examined: | Modern natural language processing | Courses: | 3 Hour(s) per week x 14 weeks | Exercises: | 1 Hour(s) per week x 14 weeks | Project: | 2 Hour(s) per week x 14 weeks | Type: | mandatory | Computer Science | 2026-2027 Master semester 4 | Semester: | Spring | Exam form: || Computer Science | 2026-2027 Master semester 4 | Semester: | Spring | Exam form: | During the semester (summer session) | Subject examined: | Modern natural language processing | Courses: | 3 Hour(s) per week x 14 weeks | Exercises: | 1 Hour(s) per week x 14 weeks | Project: | 2 Hour(s) per week x 14 weeks | Type: | mandatory | Communication Systems - master program | 2026-2027 Master semester 2 | Semester: | Spring | Exam form: || Communication Systems - master program | 2026-2027 Master semester 2 | Semester: | Spring | Exam form: | During the semester (summer session) | Subject examined: | Modern natural language processing | Courses: | 3 Hour(s) per week x 14 weeks | Exercises: | 1 Hour(s) per week x 14 weeks | Project: | 2 Hour(s) per week x 14 weeks | Type: | optional | Communication Systems - master program | 2026-2027 Master semester 4 | Semester: | Spring | Exam form: || Communication Systems - master program | 2026-2027 Master semester 4 | Semester: | Spring | Exam form: | During the semester (summer session) | Subject examined: | Modern natural language processing | Courses: | 3 Hour(s) per week x 14 weeks | Exercises: | 1 Hour(s) per week x 14 weeks | Project: | 2 Hour(s) per week x 14 weeks | Type: | optional | Data Science | 2026-2027 Master semester 2 | Semester: | Spring | Exam form: || Data Science | 2026-2027 Master semester 2 | Semester: | Spring | Exam form: | During the semester (summer session) | Subject examined: | Modern natural language processing | Courses: | 3 Hour(s) per week x 14 weeks | Exercises: | 1 Hour(s) per week x 14 weeks | Project: | 2 Hour(s) per week x 14 weeks | Type: | mandatory | Data Science | 2026-2027 Master semester 4 | Semester: | Spring | Exam form: || Data Science | 2026-2027 Master semester 4 | Semester: | Spring | Exam form: | During the semester (summer session) | Subject examined: | Modern natural language processing | Courses: | 3 Hour(s) per week x 14 weeks | Exercises: | 1 Hour(s) per week x 14 weeks | Project: | 2 Hour(s) per week x 14 weeks | Type: | mandatory | Digital Humanities | 2026-2027 Master semester 2 | Semester: | Spring | Exam form: || Digital Humanities | 2026-2027 Master semester 2 | Semester: | Spring | Exam form: | During the semester (summer session) | Subject examined: | Modern natural language processing | Courses: | 3 Hour(s) per week x 14 weeks | Exercises: | 1 Hour(s) per week x 14 weeks | Project: | 2 Hour(s) per week x 14 weeks | Type: | optional | Digital Humanities | 2026-2027 Master semester 4 | Semester: | Spring | Exam form: || Digital Humanities | 2026-2027 Master semester 4 | Semester: | Spring | Exam form: | During the semester (summer session) | Subject examined: | Modern natural language processing | Courses: | 3 Hour(s) per week x 14 weeks | Exercises: | 1 Hour(s) per week x 14 weeks | Project: | 2 Hour(s) per week x 14 weeks | Type: | optional | Life Sciences Engineering | 2026-2027 Master semester 2 | Semester: | Spring | Exam form: || Life Sciences Engineering | 2026-2027 Master semester 2 | Semester: | Spring | Exam form: | During the semester (summer session) | Subject examined: | Modern natural language processing | Courses: | 3 Hour(s) per week x 14 weeks | Exercises: | 1 Hour(s) per week x 14 weeks | Project: | 2 Hour(s) per week x 14 weeks | Type: | optional | Life Sciences Engineering | 2026-2027 Master semester 4 | Semester: | Spring | Exam form: || Life Sciences Engineering | 2026-2027 Master semester 4 | Semester: | Spring | Exam form: | During the semester (summer session) | Subject examined: | Modern natural language processing | Courses: | 3 Hour(s) per week x 14 weeks | Exercises: | 1 Hour(s) per week x 14 weeks | Project: | 2 Hour(s) per week x 14 weeks | Type: | optional | Computational and Quantitative Biology | 2026-2027 Doctoral School | Exam form: | During the semester (summer session) | Subject examined:
DH-405,Foundations of digital humanities,,English,https://edu.epfl.ch/studyplan/en/doctoral_school/digital-humanities/coursebook/foundations-of-digital-humanities-DH-405,True,False,False,
EE-320,Analog IC design,,English,https://edu.epfl.ch/studyplan/en/bachelor/electrical-and-electronics-engineering/coursebook/analog-ic-design-EE-320,True,False,False,
EE-451,Image analysis and pattern recognition,,English,https://edu.epfl.ch/studyplan/en/doctoral_school/civil-and-environmental-engineering/coursebook/image-analysis-and-pattern-recognition-EE-451,True,False,True,Electrical and Electronics Engineering | 2026-2027 Master semester 2 | Semester: | Spring | Number of places: | 150 | Exam form: | During the semester (summer session) | Subject examined: | Image analysis and pattern recognition | Courses: | 2 Hour(s) per week x 14 weeks | TP: | 2 Hour(s) per week x 14 weeks | Type: | optional | Electrical and Electronics Engineering | 2026-2027 Master semester 4 | Semester: | Spring | Number of places: || Electrical and Electronics Engineering | 2026-2027 Master semester 4 | Semester: | Spring | Number of places: | 150 | Exam form: | During the semester (summer session) | Subject examined: | Image analysis and pattern recognition | Courses: | 2 Hour(s) per week x 14 weeks | TP: | 2 Hour(s) per week x 14 weeks | Type: | optional | Data Science | 2026-2027 Master semester 2 | Semester: | Spring | Number of places: || Data Science | 2026-2027 Master semester 2 | Semester: | Spring | Number of places: | 150 | Exam form: | During the semester (summer session) | Subject examined: | Image analysis and pattern recognition | Courses: | 2 Hour(s) per week x 14 weeks | TP: | 2 Hour(s) per week x 14 weeks | Type: | optional | Data Science | 2026-2027 Master semester 4 | Semester: | Spring | Number of places: || Data Science | 2026-2027 Master semester 4 | Semester: | Spring | Number of places: | 150 | Exam form: | During the semester (summer session) | Subject examined: | Image analysis and pattern recognition | Courses: | 2 Hour(s) per week x 14 weeks | TP: | 2 Hour(s) per week x 14 weeks | Type: | optional | Life Sciences Engineering | 2026-2027 Master semester 2 | Semester: | Spring | Number of places: || Life Sciences Engineering | 2026-2027 Master semester 2 | Semester: | Spring | Number of places: | 150 | Exam form: | During the semester (summer session) | Subject examined: | Image analysis and pattern recognition | Courses: | 2 Hour(s) per week x 14 weeks | TP: | 2 Hour(s) per week x 14 weeks | Type: | optional | Life Sciences Engineering | 2026-2027 Master semester 4 | Semester: | Spring | Number of places: || Life Sciences Engineering | 2026-2027 Master semester 4 | Semester: | Spring | Number of places: | 150 | Exam form: | During the semester (summer session) | Subject examined: | Image analysis and pattern recognition | Courses: | 2 Hour(s) per week x 14 weeks | TP: | 2 Hour(s) per week x 14 weeks | Type: | optional | Neuro-X | 2026-2027 Master semester 2 | Semester: | Spring | Number of places: || Neuro-X | 2026-2027 Master semester 2 | Semester: | Spring | Number of places: | 150 | Exam form: | During the semester (summer session) | Subject examined: | Image analysis and pattern recognition | Courses: | 2 Hour(s) per week x 14 weeks | TP: | 2 Hour(s) per week x 14 weeks | Type: | optional | Neuro-X | 2026-2027 Master semester 4 | Semester: | Spring | Number of places: || Neuro-X | 2026-2027 Master semester 4 | Semester: | Spring | Number of places: | 150 | Exam form: | During the semester (summer session) | Subject examined: | Image analysis and pattern recognition | Courses: | 2 Hour(s) per week x 14 weeks | TP: | 2 Hour(s) per week x 14 weeks | Type: | optional | Robotics | 2026-2027 Master semester 2 | Semester: | Spring | Number of places: || Robotics | 2026-2027 Master semester 2 | Semester: | Spring | Number of places: | 150 | Exam form: | During the semester (summer session) | Subject examined: | Image analysis and pattern recognition | Courses: | 2 Hour(s) per week x 14 weeks | TP: | 2 Hour(s) per week x 14 weeks | Type: | optional | Robotics | 2026-2027 Master semester 4 | Semester: | Spring | Number of places: || Robotics | 2026-2027 Master semester 4 | Semester: | Spring | Number of places: | 150 | Exam form: | During the semester (summer session) | Subject examined: | Image analysis and pattern recognition | Courses: | 2 Hour(s) per week x 14 weeks | TP: | 2 Hour(s) per week x 14 weeks | Type: | optional | Civil and Environmental Engineering | 2026-2027 Doctoral School | Number of places: | 150 | Exam form:
ENV-101,Sustainability,,French,https://edu.epfl.ch/studyplan/en/propedeutics/humanities-and-social-sciences-program/coursebook/sustainability-ENV-101,True,False,True,Humanities and Social Sciences Program | 2026-2027 Bachelor semester 2 | Semester: | Spring | Exam form: | During the semester (summer session) | Subject examined: | Sustainability | Courses: | 2 Hour(s) per week x 14 weeks | Type: | mandatory | Reference week | Mo | Tu | We | Th | Fr | 8-9 | 9-10 | 10-11
ENV-220,Fundamentals in ecology,,English,https://edu.epfl.ch/studyplan/en/bachelor/environmental-sciences-and-engineering/coursebook/fundamentals-in-ecology-ENV-220,True,False,False,
FIN-405,Investments,,English,https://edu.epfl.ch/studyplan/en/master/financial-engineering/coursebook/investments-FIN-405,True,False,True,Financial engineering | 2026-2027 Master semester 2 | Semester: | Spring | Exam form: | Written (summer session) | Subject examined: | Investments | Courses: | 3 Hour(s) per week x 14 weeks | Exercises: | 2 Hour(s) per week x 14 weeks | Type: | mandatory | Financial engineering | 2026-2027 Master semester 4 | Semester: | Spring | Exam form: | Written (summer session) | Subject examined: || Financial engineering | 2026-2027 Master semester 4 | Semester: | Spring | Exam form: | Written (summer session) | Subject examined: | Investments | Courses: | 3 Hour(s) per week x 14 weeks | Exercises: | 2 Hour(s) per week x 14 weeks | Type: | mandatory | Financial engineering minor | 2026-2027 Spring semester | Semester: | Spring | Exam form: | Written (summer session) | Subject examined: || Financial engineering minor | 2026-2027 Spring semester | Semester: | Spring | Exam form: | Written (summer session) | Subject examined: | Investments | Courses: | 3 Hour(s) per week x 14 weeks | Exercises: | 2 Hour(s) per week x 14 weeks | Type: | optional | Reference week | Mo | Tu | We | Th | Fr | 8-9
FIN-417,Quantitative financial risk management,,English,https://edu.epfl.ch/studyplan/en/master/computational-science-and-engineering/coursebook/quantitative-financial-risk-management-FIN-417,True,False,False,
FIN-420,Financial intermediation,,English,https://edu.epfl.ch/studyplan/en/master/financial-engineering/coursebook/financial-intermediation-FIN-420,True,False,True,Financial engineering | 2026-2027 Master semester 2 | Semester: | Spring | Exam form: | During the semester (summer session) | Subject examined: | Financial intermediation | Courses: | 2 Hour(s) per week x 14 weeks | Exercises: | 1 Hour(s) per week x 14 weeks | Type: | optional | Financial engineering | 2026-2027 Master semester 4 | Semester: | Spring | Exam form: | During the semester (summer session) | Subject examined: || Financial engineering | 2026-2027 Master semester 4 | Semester: | Spring | Exam form: | During the semester (summer session) | Subject examined: | Financial intermediation | Courses: | 2 Hour(s) per week x 14 weeks | Exercises: | 1 Hour(s) per week x 14 weeks | Type: | optional | Financial engineering minor | 2026-2027 Spring semester | Semester: | Spring | Exam form: | During the semester (summer session) | Subject examined: || Financial engineering minor | 2026-2027 Spring semester | Semester: | Spring | Exam form: | During the semester (summer session) | Subject examined: | Financial intermediation | Courses: | 2 Hour(s) per week x 14 weeks | Exercises: | 1 Hour(s) per week x 14 weeks | Type: | optional | Reference week | Mo | Tu | We | Th | Fr | 8-9
FR-DÉB-III-A,,,,,False,True,False,Course not found in current EPFL 2026-27 study plans
FR-DÉB-IV-P,,,,,False,True,False,Course not found in current EPFL 2026-27 study plans
HUM-281,,,,,False,True,False,Course not found in current EPFL 2026-27 study plans
HUM-302,,,,,False,True,False,Course not found in current EPFL 2026-27 study plans
HUM-310,Digital health and international human rights law,,English,https://edu.epfl.ch/studyplan/en/bachelor/humanities-and-social-sciences-program/coursebook/digital-health-and-international-human-rights-law-HUM-310,True,False,False,
HUM-487,,,,,False,True,False,Course not found in current EPFL 2026-27 study plans
MATH-310,Algebra,,English,https://edu.epfl.ch/studyplan/en/bachelor/chemistry/coursebook/algebra-MATH-310,True,False,False,
MATH-329,Continuous optimization,,English,https://edu.epfl.ch/studyplan/en/bachelor/mathematics/coursebook/continuous-optimization-MATH-329,True,False,False,
MATH-337,Number theory I.c - Combinatorial number theory,,English,https://edu.epfl.ch/studyplan/en/bachelor/mathematics/coursebook/number-theory-i-c-combinatorial-number-theory-MATH-337,True,False,True,Mathematics | 2026-2027 Bachelor semester 6 | Semester: | Spring | Exam form: | Written (summer session) | Subject examined: | Number theory I.c - Combinatorial number theory | Courses: | 2 Hour(s) per week x 14 weeks | Exercises: | 2 Hour(s) per week x 14 weeks | Type: | optional | Reference week | Mo | Tu | We | Th | Fr | 8-9
MATH-341,Linear models,,English,https://edu.epfl.ch/studyplan/en/bachelor/mathematics/coursebook/linear-models-MATH-341,True,False,False,
MATH-456,Numerical analysis and computational mathematics,,English,https://edu.epfl.ch/studyplan/en/master/computational-science-and-engineering/coursebook/numerical-analysis-and-computational-mathematics-MATH-456,True,False,False,
MATH-483,Gödel and recursivity,,English,https://edu.epfl.ch/studyplan/en/master/applied-mathematics/coursebook/godel-and-recursivity-MATH-483,True,False,False,
ME-422,Multivariable control,,English,https://edu.epfl.ch/studyplan/en/master/computational-science-and-engineering/coursebook/multivariable-control-ME-422,True,False,False,
MGT-300,Game theory and strategic decisions,,English,https://edu.epfl.ch/studyplan/en/bachelor/humanities-and-social-sciences-program/coursebook/game-theory-and-strategic-decisions-MGT-300,True,False,False,
MGT-455,Practical business law,,English,https://edu.epfl.ch/studyplan/en/master/management-technology-and-entrepreneurship/coursebook/practical-business-law-MGT-455,True,False,True,Management | Technology and Entrepreneurship 2026-2027 Master semester 2 | Semester: | Spring | Exam form: | Written (summer session) | Subject examined: | Practical business law | Courses: | 3 Hour(s) per week x 14 weeks | Type: | optional | Management | Technology and Entrepreneurship 2026-2027 Master semester 4 | Semester: | Spring | Exam form: | Written (summer session) | Subject examined: | Practical business law | Courses: || Management | Technology and Entrepreneurship 2026-2027 Master semester 4 | Semester: | Spring | Exam form: | Written (summer session) | Subject examined: | Practical business law | Courses: | 3 Hour(s) per week x 14 weeks | Type: | optional | Management | Technology and Entrepreneurship minor 2026-2027 Spring semester | Semester: | Spring | Exam form: | Written (summer session) | Subject examined: | Practical business law | Courses: || Management | Technology and Entrepreneurship minor 2026-2027 Spring semester | Semester: | Spring | Exam form: | Written (summer session) | Subject examined: | Practical business law | Courses: | 3 Hour(s) per week x 14 weeks | Type: | optional | Reference week | Mo | Tu | We | Th | Fr | 8-9 | 9-10 | 10-11
MICRO-331,,,,,False,True,False,Course not found in current EPFL 2026-27 study plans
MICRO-450,Basics of robotics for manipulation,,English,https://edu.epfl.ch/studyplan/en/master/mechanical-engineering/coursebook/basics-of-robotics-for-manipulation-MICRO-450,True,False,False,
MICRO-452,Basics of mobile robotics,,English,https://edu.epfl.ch/studyplan/en/doctoral_school/robotics-control-and-intelligent-systems/coursebook/basics-of-mobile-robotics-MICRO-452,True,False,False,
MSE-212,Biology for engineers,,English,https://edu.epfl.ch/studyplan/en/bachelor/materials-science-and-engineering/coursebook/biology-for-engineers-MSE-212,True,False,True,Materials Science and Engineering | 2026-2027 Bachelor semester 4 | Semester: | Spring | Exam form: | Written (summer session) | Subject examined: | Biology for engineers | Courses: | 2 Hour(s) per week x 14 weeks | Type: | mandatory | Reference week | Mo | Tu | We | Th | Fr | 8-9 | 9-10 | 10-11
PHYS-301,Biophysics : physics of the cell,,English,https://edu.epfl.ch/studyplan/en/bachelor/physics/coursebook/biophysics-physics-of-the-cell-PHYS-301,True,False,True,Physics | 2026-2027 Bachelor semester 6 | Semester: | Spring | Exam form: | Written (summer session) | Subject examined: | Biophysics : physics of the cell | Courses: | 2 Hour(s) per week x 14 weeks | Exercises: | 1 Hour(s) per week x 14 weeks | Type: | optional | Life Sciences Engineering | 2026-2027 Master semester 2 | Semester: | Spring | Exam form: | Written (summer session) | Subject examined: || Life Sciences Engineering | 2026-2027 Master semester 2 | Semester: | Spring | Exam form: | Written (summer session) | Subject examined: | Biophysics : physics of the cell | Courses: | 2 Hour(s) per week x 14 weeks | Exercises: | 1 Hour(s) per week x 14 weeks | Type: | optional | Life Sciences Engineering | 2026-2027 Master semester 4 | Semester: | Spring | Exam form: | Written (summer session) | Subject examined: || Life Sciences Engineering | 2026-2027 Master semester 4 | Semester: | Spring | Exam form: | Written (summer session) | Subject examined: | Biophysics : physics of the cell | Courses: | 2 Hour(s) per week x 14 weeks | Exercises: | 1 Hour(s) per week x 14 weeks | Type: | optional | Mechanical Engineering | 2026-2027 Master semester 2 | Semester: | Spring | Exam form: | Written (summer session) | Subject examined: || Mechanical Engineering | 2026-2027 Master semester 2 | Semester: | Spring | Exam form: | Written (summer session) | Subject examined: | Biophysics : physics of the cell | Courses: | 2 Hour(s) per week x 14 weeks | Exercises: | 1 Hour(s) per week x 14 weeks | Type: | optional | Mechanical Engineering | 2026-2027 Master semester 4 | Semester: | Spring | Exam form: | Written (summer session) | Subject examined: || Mechanical Engineering | 2026-2027 Master semester 4 | Semester: | Spring | Exam form: | Written (summer session) | Subject examined: | Biophysics : physics of the cell | Courses: | 2 Hour(s) per week x 14 weeks | Exercises: | 1 Hour(s) per week x 14 weeks | Type: | optional | Biomedical technologies minor | 2026-2027 Spring semester | Semester: | Spring | Exam form: | Written (summer session) | Subject examined: || Biomedical technologies minor | 2026-2027 Spring semester | Semester: | Spring | Exam form: | Written (summer session) | Subject examined: | Biophysics : physics of the cell | Courses: | 2 Hour(s) per week x 14 weeks | Exercises: | 1 Hour(s) per week x 14 weeks | Type: | optional | Reference week | Mo | Tu | We | Th | Fr | 8-9
PHYS-314,Quantum physics II,,English,https://edu.epfl.ch/studyplan/en/bachelor/physics/coursebook/quantum-physics-ii-PHYS-314,True,False,False,
PHYS-339,Advanced computational physics,,English,https://edu.epfl.ch/studyplan/en/bachelor/physics/coursebook/advanced-computational-physics-PHYS-339,True,False,True,Physics | 2026-2027 Bachelor semester 6 | Semester: | Spring | Exam form: | Written (summer session) | Subject examined: | Advanced computational physics | Courses: | 1 Hour(s) per week x 14 weeks | Project: | 2 Hour(s) per week x 14 weeks | Type: | optional | Reference week | Mo | Tu | We | Th | Fr | 8-9
PHYS-420,Solid state physics IV,,English,https://edu.epfl.ch/studyplan/en/master/applied-physics/coursebook/solid-state-physics-iv-PHYS-420,True,False,True,Applied Physics | 2026-2027 Master semester 2 | Semester: | Spring | Exam form: | Oral (summer session) | Subject examined: | Solid state physics IV | Courses: | 2 Hour(s) per week x 14 weeks | Exercises: | 2 Hour(s) per week x 14 weeks | Type: | optional | Applied Physics | 2026-2027 Master semester 4 | Semester: | Spring | Exam form: | Oral (summer session) | Subject examined: || Applied Physics | 2026-2027 Master semester 4 | Semester: | Spring | Exam form: | Oral (summer session) | Subject examined: | Solid state physics IV | Courses: | 2 Hour(s) per week x 14 weeks | Exercises: | 2 Hour(s) per week x 14 weeks | Type: | optional | Physics - master program | 2026-2027 Master semester 2 | Semester: | Spring | Exam form: | Oral (summer session) | Subject examined: || Physics - master program | 2026-2027 Master semester 2 | Semester: | Spring | Exam form: | Oral (summer session) | Subject examined: | Solid state physics IV | Courses: | 2 Hour(s) per week x 14 weeks | Exercises: | 2 Hour(s) per week x 14 weeks | Type: | optional | Physics - master program | 2026-2027 Master semester 4 | Semester: | Spring | Exam form: | Oral (summer session) | Subject examined: || Physics - master program | 2026-2027 Master semester 4 | Semester: | Spring | Exam form: | Oral (summer session) | Subject examined: | Solid state physics IV | Courses: | 2 Hour(s) per week x 14 weeks | Exercises: | 2 Hour(s) per week x 14 weeks | Type: | optional | Reference week | Mo | Tu | We | Th | Fr | 8-9
PHYS-426,Quantum physics IV,,English,https://edu.epfl.ch/studyplan/en/master/applied-physics/coursebook/quantum-physics-iv-PHYS-426,True,False,True,Physics - master program | 2026-2027 Master semester 2 | Semester: | Spring | Exam form: | Written (summer session) | Subject examined: | Quantum physics IV | Courses: | 2 Hour(s) per week x 14 weeks | Exercises: | 2 Hour(s) per week x 14 weeks | Type: | optional | Physics - master program | 2026-2027 Master semester 4 | Semester: | Spring | Exam form: | Written (summer session) | Subject examined: || Physics - master program | 2026-2027 Master semester 4 | Semester: | Spring | Exam form: | Written (summer session) | Subject examined: | Quantum physics IV | Courses: | 2 Hour(s) per week x 14 weeks | Exercises: | 2 Hour(s) per week x 14 weeks | Type: | optional | Applied Physics | 2026-2027 Master semester 2 | Semester: | Spring | Exam form: | Written (summer session) | Subject examined: || Applied Physics | 2026-2027 Master semester 2 | Semester: | Spring | Exam form: | Written (summer session) | Subject examined: | Quantum physics IV | Courses: | 2 Hour(s) per week x 14 weeks | Exercises: | 2 Hour(s) per week x 14 weeks | Type: | optional | Applied Physics | 2026-2027 Master semester 4 | Semester: | Spring | Exam form: | Written (summer session) | Subject examined: || Applied Physics | 2026-2027 Master semester 4 | Semester: | Spring | Exam form: | Written (summer session) | Subject examined: | Quantum physics IV | Courses: | 2 Hour(s) per week x 14 weeks | Exercises: | 2 Hour(s) per week x 14 weeks | Type: | optional | Quantum Science and Engineering | 2026-2027 Master semester 2 | Semester: | Spring | Exam form: | Written (summer session) | Subject examined: || Quantum Science and Engineering | 2026-2027 Master semester 2 | Semester: | Spring | Exam form: | Written (summer session) | Subject examined: | Quantum physics IV | Courses: | 2 Hour(s) per week x 14 weeks | Exercises: | 2 Hour(s) per week x 14 weeks | Type: | optional | Quantum Science and Engineering | 2026-2027 Master semester 4 | Semester: | Spring | Exam form: | Written (summer session) | Subject examined: || Quantum Science and Engineering | 2026-2027 Master semester 4 | Semester: | Spring | Exam form: | Written (summer session) | Subject examined: | Quantum physics IV | Courses: | 2 Hour(s) per week x 14 weeks | Exercises: | 2 Hour(s) per week x 14 weeks | Type: | optional | Reference week | Mo | Tu | We | Th | Fr | 8-9
PHYS-438,Introduction to biomedical imaging,,English,https://edu.epfl.ch/studyplan/en/doctoral_school/electrical-engineering/coursebook/introduction-to-biomedical-imaging-PHYS-438,True,False,False,
PHYS-454,Quantum optics and quantum information,,English,https://edu.epfl.ch/studyplan/en/doctoral_school/photonics/coursebook/quantum-optics-and-quantum-information-PHYS-454,True,False,True,Applied Physics | 2026-2027 Master semester 2 | Semester: | Spring | Exam form: | Written (summer session) | Subject examined: | Quantum optics and quantum information | Courses: | 2 Hour(s) per week x 14 weeks | Exercises: | 2 Hour(s) per week x 14 weeks | Type: | optional | Applied Physics | 2026-2027 Master semester 4 | Semester: | Spring | Exam form: | Written (summer session) | Subject examined: || Applied Physics | 2026-2027 Master semester 4 | Semester: | Spring | Exam form: | Written (summer session) | Subject examined: | Quantum optics and quantum information | Courses: | 2 Hour(s) per week x 14 weeks | Exercises: | 2 Hour(s) per week x 14 weeks | Type: | optional | Physics - master program | 2026-2027 Master semester 2 | Semester: | Spring | Exam form: | Written (summer session) | Subject examined: || Physics - master program | 2026-2027 Master semester 2 | Semester: | Spring | Exam form: | Written (summer session) | Subject examined: | Quantum optics and quantum information | Courses: | 2 Hour(s) per week x 14 weeks | Exercises: | 2 Hour(s) per week x 14 weeks | Type: | optional | Physics - master program | 2026-2027 Master semester 4 | Semester: | Spring | Exam form: | Written (summer session) | Subject examined: || Physics - master program | 2026-2027 Master semester 4 | Semester: | Spring | Exam form: | Written (summer session) | Subject examined: | Quantum optics and quantum information | Courses: | 2 Hour(s) per week x 14 weeks | Exercises: | 2 Hour(s) per week x 14 weeks | Type: | optional | Quantum Science and Engineering | 2026-2027 Master semester 2 | Semester: | Spring | Exam form: | Written (summer session) | Subject examined: || Quantum Science and Engineering | 2026-2027 Master semester 2 | Semester: | Spring | Exam form: | Written (summer session) | Subject examined: | Quantum optics and quantum information | Courses: | 2 Hour(s) per week x 14 weeks | Exercises: | 2 Hour(s) per week x 14 weeks | Type: | optional | Quantum Science and Engineering | 2026-2027 Master semester 4 | Semester: | Spring | Exam form: | Written (summer session) | Subject examined: || Quantum Science and Engineering | 2026-2027 Master semester 4 | Semester: | Spring | Exam form: | Written (summer session) | Subject examined: | Quantum optics and quantum information | Courses: | 2 Hour(s) per week x 14 weeks | Exercises: | 2 Hour(s) per week x 14 weeks | Type: | optional | Minor in Quantum Science and Engineering | 2026-2027 Spring semester | Semester: | Spring | Exam form: | Written (summer session) | Subject examined: || Minor in Quantum Science and Engineering | 2026-2027 Spring semester | Semester: | Spring | Exam form: | Written (summer session) | Subject examined: | Quantum optics and quantum information | Courses: | 2 Hour(s) per week x 14 weeks | Exercises: | 2 Hour(s) per week x 14 weeks | Type: | optional | Photonics | 2026-2027 Doctoral School | Exam form: | Written (summer session) | Subject examined: | Quantum optics and quantum information | Courses: || Photonics | 2026-2027 Doctoral School | Exam form: | Written (summer session) | Subject examined: | Quantum optics and quantum information | Courses: | 2 Hour(s) per week x 14 weeks | Exercises: | 2 Hour(s) per week x 14 weeks | Type: | optional | Photonics minor | 2026-2027 Spring semester | Semester: | Spring | Exam form: | Written (summer session) | Subject examined: | Quantum optics and quantum information | Courses: || Photonics minor | 2026-2027 Spring semester | Semester: | Spring | Exam form: | Written (summer session) | Subject examined: | Quantum optics and quantum information | Courses: | 2 Hour(s) per week x 14 weeks | Exercises: | 2 Hour(s) per week x 14 weeks | Type: | optional | Physics | 2026-2027 Doctoral School | Exam form: | Written (summer session) | Subject examined: | Quantum optics and quantum information | Courses:
