ref_no,epfl_title_hkust,epfl_code_raw,epfl_code,valid_till,valid_in_spring_2027,hkust_title,hkust_code,hkust_credits,raw_summary,epfl_title_official,epfl_ects,language,coursebook_url,has_2026_27_listing,not_given_2026_27,spring_2027,spring_program_info
B044104-01,Physics of the Cell,BIO-244,BIO-244,2027-28 Winter,True,Introductory Biological Physics,PHYS2010,3.0,Physics of the Cell | BIO-244 | Ref No.: B044104-01 | Valid till | 2027-28 Winter | Introductory Biological Physics | PHYS2010 | 3 Credits,,,,,False,True,False,Course not found in current EPFL 2026-27 study plans
B045814-01,Pharmacology and pharmacokinetics,BIO-478,BIO-478,2028-29 Winter,True,Pharmaceutical Engineering,CENG4670,3.0,Pharmacology and pharmacokinetics | BIO-478 | Ref No.: B045814-01 | Valid till | 2028-29 Winter | Pharmaceutical Engineering | CENG4670 | 3 Credits,,,,,False,True,False,Course not found in current EPFL 2026-27 study plans
B033516-03,Materials Science for bioengineers,BIOENG315,BIOENG-315,2027-28 Summer,True,3000-level Course in Life Science,LIFS3000LEVEL,3.0,Materials Science for bioengineers | BIOENG315 | Ref No.: B033516-03 | Valid till | 2027-28 Summer | 3000-level Course in Life Science | LIFS3000LEVEL | 3 Credits,,,,,False,True,False,Course not found in current EPFL 2026-27 study plans
B044442-02,Cellular Signalling,CH-411,CH-411,2027-28 Summer,True,3000-level Course in Life Science,LIFS3000LEVEL,1.0,Cellular Signalling | CH-411 | Ref No.: B044442-02 | Valid till | 2027-28 Summer | 3000-level Course in Life Science | LIFS3000LEVEL | 1 Credit,,,,,False,True,False,Course not found in current EPFL 2026-27 study plans
B041486-01,Software Engineering,CS305,CS-305,2026-27 Summer,True,Software Engineering,COMP3111,4.0,Software Engineering | CS305 | Ref No.: B041486-01 | Valid till | 2026-27 Summer | Software Engineering | COMP3111 | 4 Credits,,,,,False,True,False,Course not found in current EPFL 2026-27 study plans
B034263-03,Computational Photography,CS413,CS-413,2027-28 Winter,True,Computer Science Track Course,COMPG&M,3.0,Computational Photography | CS413 | Ref No.: B034263-03 | Valid till | 2027-28 Winter | Computer Science Track Course | COMPG&M | 3 Credits,,,,,False,True,False,Course not found in current EPFL 2026-27 study plans
B042068-01,Intelligent Agents,CS430,CS-430,2026-27 Summer,True,Computer Science Track Course,COMPA&T,3.0,Intelligent Agents | CS430 | Ref No.: B042068-01 | Valid till | 2026-27 Summer | Computer Science Track Course | COMPA&T | 3 Credits,,,,,False,True,False,Course not found in current EPFL 2026-27 study plans
B044544-01,Introduction to Natural Language Processing,CS431,CS-431,2026-27 Summer,True,Introduction to Natural Language Processing,COMP4221,3.0,Introduction to Natural Language Processing | CS431 | Ref No.: B044544-01 | Valid till | 2026-27 Summer | Introduction to Natural Language Processing | COMP4221 | 3 Credits,,,,,False,True,False,Course not found in current EPFL 2026-27 study plans
B043068-02,Foundations of Software,CS-452,CS-452,2026-27 Summer,True,Computer Science Track Course,COMPS&D,3.0,Foundations of Software | CS-452 | Ref No.: B043068-02 | Valid till | 2026-27 Summer | Computer Science Track Course | COMPS&D | 3 Credits,,,,,False,True,False,Course not found in current EPFL 2026-27 study plans
B043979-02,French Integrated Skills Modules (Beginner),FR-DÉB-III-A,FR-DÉB-III-A,2026-27 Summer,True,Common Core Course in Broadening Group,COREBROAD,2.0,French Integrated Skills Modules (Beginner) | FR-DÉB-III-A | Ref No.: B043979-02 | Valid till | 2026-27 Summer | Common Core Course in Broadening Group | COREBROAD | 2 Credits,,,,,False,True,False,Course not found in current EPFL 2026-27 study plans
B043979-01,French Integrated Skills Modules (Beginner),FR-DÉB-III-A,FR-DÉB-III-A,2026-27 Summer,True,French: World Language and Culture,LANG1310,3.0,French Integrated Skills Modules (Beginner) | FR-DÉB-III-A | Ref No.: B043979-01 | Valid till | 2026-27 Summer | French: World Language and Culture | LANG1310 | 3 Credits,,,,,False,True,False,Course not found in current EPFL 2026-27 study plans
B047270-02,French Integrated Skills Modules (Beginner),FR-DÉB-IV-P,FR-DÉB-IV-P,2028-29 Winter,True,Common Core Course in Broadening Group,COREBROAD,2.0,French Integrated Skills Modules (Beginner) | FR-DÉB-IV-P | Ref No.: B047270-02 | Valid till | 2028-29 Winter | Common Core Course in Broadening Group | COREBROAD | 2 Credits,,,,,False,True,False,Course not found in current EPFL 2026-27 study plans
B047270-01,French Integrated Skills Modules (Beginner),FR-DÉB-IV-P,FR-DÉB-IV-P,2028-29 Winter,True,French: World Language and Culture,LANG1310,3.0,French Integrated Skills Modules (Beginner) | FR-DÉB-IV-P | Ref No.: B047270-01 | Valid till | 2028-29 Winter | French: World Language and Culture | LANG1310 | 3 Credits,,,,,False,True,False,Course not found in current EPFL 2026-27 study plans
B042963-08,Risk Savvy,HUM-281,HUM-281,2027-28 Spring,True,2000-level Course in Humanities,HUMA2000SACC,2.0,Risk Savvy | HUM-281 | Ref No.: B042963-08 | Valid till | 2027-28 Spring | 2000-level Course in Humanities | HUMA2000SACC | 2 Credits,,,,,False,True,False,Course not found in current EPFL 2026-27 study plans
B042963-03,Risk Savvy,HUM-281,HUM-281,2027-28 Winter,True,2000-level Course in Humanities,HUMA2000HMCC,2.0,Risk Savvy | HUM-281 | Ref No.: B042963-03 | Valid till | 2027-28 Winter | 2000-level Course in Humanities | HUMA2000HMCC | 2 Credits,,,,,False,True,False,Course not found in current EPFL 2026-27 study plans
B046379-05,Tailored Messaging in Conservation Psychology,HUM-302,HUM-302,2028-29 Winter,True,Common Core Broadening Group in Humanities,COREHUMA,1.0,Tailored Messaging in Conservation Psychology | HUM-302 | Ref No.: B046379-05 | Valid till | 2028-29 Winter | Common Core Broadening Group in Humanities | COREHUMA | 1 Credit,,,,,False,True,False,Course not found in current EPFL 2026-27 study plans
B046379-02,Tailored Messaging in Conservation Psychology,HUM-302,HUM-302,2028-29 Winter,True,Common Core Broadening Group in Social Analysis,CORESOCA,1.0,Tailored Messaging in Conservation Psychology | HUM-302 | Ref No.: B046379-02 | Valid till | 2028-29 Winter | Common Core Broadening Group in Social Analysis | CORESOCA | 1 Credit,,,,,False,True,False,Course not found in current EPFL 2026-27 study plans
B047069-03,Law and Computation I,HUM-487,HUM-487,2028-29 Winter,True,Common Core Broadening Group in Social Analysis,CORESOCA,2.0,Law and Computation I | HUM-487 | Ref No.: B047069-03 | Valid till | 2028-29 Winter | Common Core Broadening Group in Social Analysis | CORESOCA | 2 Credits,,,,,False,True,False,Course not found in current EPFL 2026-27 study plans
B045878-01,Microfabrication technologies,MICRO-331,MICRO-331,2027-28 Summer,True,Microelectronics Fabrication Technology,ELEC5070,3.0,Microfabrication technologies | MICRO-331 | Ref No.: B045878-01 | Valid till | 2027-28 Summer | Microelectronics Fabrication Technology | ELEC5070 | 3 Credits,,,,,False,True,False,Course not found in current EPFL 2026-27 study plans
B047327-03,French Integrated Skills Modules A1/A2,#,,2028-29 Winter,True,Common Core Course in Broadening Group,COREBROAD,2.0,French Integrated Skills Modules A1/A2 | # | Ref No.: B047327-03 | Valid till | 2028-29 Winter | Common Core Course in Broadening Group | COREBROAD | 2 Credits,,,,,,,,
B047327-02,French Integrated Skills Modules A1/A2,#,,2028-29 Winter,True,French: World Language and Culture,LANG1310,3.0,French Integrated Skills Modules A1/A2 | # | Ref No.: B047327-02 | Valid till | 2028-29 Winter | French: World Language and Culture | LANG1310 | 3 Credits,,,,,,,,
